subject_id,x_min,x_max,y_min,y_max,n_frames,x_span,y_span
2,-10.4752535211,10.4752535211,-10.4752535211,3.25775,99,20.9505070422,13.7330035211
3,-7.52597535211,9.46745070423,-9.46745070423,1.93875,93,16.99342605634,11.40620070423
5,-0.52368353276,3.25775,-7.22038025686,-1.53574647887,18,3.7814335327600004,5.68463377799
6,-9.46745070423,9.46745070423,-8.14803053456,1.93875,105,18.93490140846,10.08678053456
10,-20.2546015625,20.2546015625,-20.2546015625,20.2546015625,1827,40.509203125,40.509203125
24,-9.46745070423,8.28846901502,-7.52597535211,1.93875,97,17.755919719250002,9.46472535211
28,-20.2546015625,16.2686699208,-20.2546015625,6.88542708333,988,36.5232714833,27.14002864583
33,-10.584011994,3.365,-10.584011994,1.237,968,13.949011994000001,11.821011994000001
34,-9.46745070423,9.46745070423,-9.46745070423,1.93875,712,18.93490140846,11.40620070423
87,-9.20036209917,9.46745070423,-9.46745070423,1.93875,56,18.6678128034,11.40620070423
89,-7.99050197482,8.90647890634,-8.7162636544,1.93875,54,16.89698088116,10.655013654400001
97,-1.237,3.365,-10.584011994,-1.426988006,371,4.602,9.157023988
98,-9.46745070423,9.46745070423,-9.46745070423,1.93875,724,18.93490140846,11.40620070423
99,-10.584011994,10.584011994,-10.584011994,3.365,1451,21.168023988,13.949011994000001
102,-9.46745070423,9.46745070423,-9.46745070423,1.93875,699,18.93490140846,11.40620070423
103,-1.93875,1.93875,-9.46745070423,-1.70154929577,162,3.8775,7.7659014084599995
104,-10.584011994,10.584011994,-10.584011994,3.365,1483,21.168023988,13.949011994000001
110,-9.46745070423,9.46745070423,-9.46745070423,1.93875,736,18.93490140846,11.40620070423
114,-9.46645070423,9.46645070423,-9.46645070423,1.93875,839,18.93290140846,11.405200704230001
120,-12.3584565217,12.3584565217,-12.3584565217,3.82151690821,1331,24.7169130434,16.17997342991
121,-10.584011994,10.584011994,-10.584011994,3.365,1362,21.168023988,13.949011994000001
122,-12.3584565217,12.3584565217,-12.3584565217,3.82151690821,1263,24.7169130434,16.17997342991
123,-9.46745070423,9.46745070423,-9.46745070423,1.93875,1356,18.93490140846,11.40620070423
126,-10.584011994,10.584011994,-10.584011994,3.365,1238,21.168023988,13.949011994000001
127,-12.3584565217,3.82151690821,-12.3584565217,1.69351690821,557,16.17997342991,14.051973429910001
128,-12.3584565217,12.3584565217,-12.3584565217,3.82151690821,1098,24.7169130434,16.17997342991
130,-10.584011994,10.584011994,-10.584011994,3.365,1325,21.168023988,13.949011994000001
132,-9.46745070423,9.46745070423,-9.46745070423,1.93875,694,18.93490140846,11.40620070423
135,-20.2546015625,20.2546015625,-20.2546015625,20.2546015625,1710,40.509203125,40.509203125
137,-12.3584565217,12.3584565217,-12.3584565217,3.82151690821,1433,24.7169130434,16.17997342991
138,-20.2546015625,20.2546015625,-20.2546015625,20.2546015625,1562,40.509203125,40.509203125
139,-9.46745070423,9.46745070423,-9.46745070423,1.93875,1448,18.93490140846,11.40620070423
140,-9.46645070423,9.46645070423,-9.46645070423,1.93875,567,18.93290140846,11.405200704230001
141,-9.46745070423,9.46745070423,-9.46745070423,1.93875,1485,18.93490140846,11.40620070423
142,-9.46745070423,9.46745070423,-9.46745070423,1.93875,1394,18.93490140846,11.40620070423
143,-9.46645070423,9.46645070423,-9.46645070423,1.93875,706,18.93290140846,11.405200704230001
144,-9.46745070423,9.46745070423,-9.46745070423,1.93875,685,18.93490140846,11.40620070423
145,-10.584011994,10.584011994,-10.584011994,3.365,1292,21.168023988,13.949011994000001
146,-9.46645070423,9.46645070423,-9.46645070423,1.93875,677,18.93290140846,11.405200704230001
148,-9.46645070423,9.46645070423,-9.46645070423,1.93875,799,18.93290140846,11.405200704230001
149,-10.584011994,10.584011994,-10.584011994,3.365,1428,21.168023988,13.949011994000001
150,-10.584011994,10.584011994,-10.584011994,3.365,1347,21.168023988,13.949011994000001
153,-10.584011994,10.584011994,-10.584011994,3.365,1349,21.168023988,13.949011994000001
154,-9.46745070423,9.46745070423,-9.46745070423,1.93875,1344,18.93490140846,11.40620070423
156,-10.584011994,10.584011994,-10.584011994,3.365,1319,21.168023988,13.949011994000001
162,-9.46745070423,9.46745070423,-9.46745070423,1.93875,761,18.93490140846,11.40620070423
164,-10.584011994,10.584011994,-10.584011994,3.365,1384,21.168023988,13.949011994000001
165,-9.46745070423,9.46745070423,-9.46745070423,1.93875,660,18.93490140846,11.40620070423
173,-9.46645070423,9.46645070423,-9.46645070423,1.93875,678,18.93290140846,11.405200704230001
178,-9.46745070423,9.46745070423,-9.46745070423,1.93875,708,18.93490140846,11.40620070423
179,-9.46745070423,9.46745070423,-9.46745070423,1.93875,1429,18.93490140846,11.40620070423
190,-9.46645070423,9.46645070423,-9.46645070423,1.93875,544,18.93290140846,11.405200704230001
191,-9.46745070423,9.46745070423,-9.46745070423,1.93875,738,18.93490140846,11.40620070423
192,-9.46745070423,9.46745070423,-9.46745070423,1.93875,1475,18.93490140846,11.40620070423
194,-10.584011994,10.584011994,-10.584011994,3.365,1462,21.168023988,13.949011994000001
200,-1.237,3.365,-10.584011994,-1.426988006,401,4.602,9.157023988
202,-12.2901244378,12.2901244378,-12.2901244378,3.75282666667,1340,24.5802488756,16.04295110447
208,-6.88542708333,6.88442708333,-20.2546015625,-1.5303984375,392,13.76985416666,18.724203125
209,-10.584011994,10.584011994,-10.584011994,3.365,1472,21.168023988,13.949011994000001
210,-16.3603125,16.3603125,-16.3603125,16.3603125,1179,32.720625,32.720625
211,-12.3584565217,12.3584565217,-12.3584565217,3.82151690821,1124,24.7169130434,16.17997342991
212,-9.46645070423,9.46645070423,-9.46645070423,1.93875,753,18.93290140846,11.405200704230001
213,-9.46745070423,9.46745070423,-9.46745070423,1.93875,1347,18.93490140846,11.40620070423
214,-9.46645070423,9.46645070423,-9.46645070423,1.93875,479,18.93290140846,11.405200704230001
218,-9.46645070423,9.46645070423,-9.46645070423,1.93875,560,18.93290140846,11.405200704230001
220,-9.46645070423,9.46645070423,-9.46645070423,1.93875,701,18.93290140846,11.405200704230001
221,-12.3584565217,12.3584565217,-12.3584565217,3.82151690821,1526,24.7169130434,16.17997342991
222,-10.584011994,10.584011994,-10.584011994,3.365,1330,21.168023988,13.949011994000001
224,-9.46645070423,9.46645070423,-9.46645070423,1.93875,687,18.93290140846,11.405200704230001
225,-10.4752535211,10.4752535211,-10.4752535211,3.25775,1308,20.9505070422,13.7330035211
226,-9.46645070423,9.46645070423,-9.46645070423,1.93875,685,18.93290140846,11.405200704230001
227,-10.584011994,10.584011994,-10.584011994,3.365,1364,21.168023988,13.949011994000001
228,-9.46745070423,9.46745070423,-9.46745070423,1.93875,1345,18.93490140846,11.40620070423
232,-9.46645070423,9.46645070423,-9.46645070423,1.93875,603,18.93290140846,11.405200704230001
233,-9.46745070423,9.46745070423,-9.46745070423,1.93875,908,18.93490140846,11.40620070423
234,-1.93875,1.93875,-9.46745070423,-1.70154929577,252,3.8775,7.7659014084599995
236,-10.584011994,10.584011994,-10.584011994,3.365,1497,21.168023988,13.949011994000001
237,-10.584011994,10.584011994,-10.584011994,3.365,1350,21.168023988,13.949011994000001
238,-9.46745070423,9.46745070423,-9.46745070423,1.93875,646,18.93490140846,11.40620070423
239,-10.584011994,10.584011994,-10.584011994,3.365,2428,21.168023988,13.949011994000001
240,-9.46745070423,9.10353146474,-9.46745070423,1.93875,1629,18.570982168969998,11.40620070423
241,-20.086171875,20.086171875,-20.086171875,19.0459437451,652,40.17234375,39.1321156201
243,-9.67751326492,12.3584565217,-12.3584565217,3.32804545992,101,22.03596978662,15.686501981620001
245,-1.69351690821,3.82151690821,-12.3584565217,-1.52554347826,284,5.51503381642,10.832913043440001
247,-12.3584565217,12.3584565217,-12.3584565217,3.82151690821,2169,24.7169130434,16.17997342991
249,-9.46745070423,9.46745070423,-9.46745070423,1.93875,1441,18.93490140846,11.40620070423
267,-10.584011994,10.584011994,-10.584011994,3.365,1439,21.168023988,13.949011994000001
268,-10.584011994,10.584011994,-10.584011994,3.365,2406,21.168023988,13.949011994000001
269,-9.46745070423,9.46745070423,-9.46745070423,1.93875,2372,18.93490140846,11.40620070423
273,-9.46745070423,9.46745070423,-9.46745070423,1.93875,2158,18.93490140846,11.40620070423
274,-12.3584565217,12.3584565217,-12.3584565217,3.82151690821,1761,24.7169130434,16.17997342991
285,-9.46745070423,9.46745070423,-9.46745070423,1.93875,2101,18.93490140846,11.40620070423
288,-10.584011994,10.584011994,-10.584011994,3.365,2323,21.168023988,13.949011994000001
289,-6.31689811578,9.46745070423,-9.46745070423,1.93875,99,15.784348820009999,11.40620070423
295,-7.97699158203,16.3603125,-12.9788229336,15.1847929844,21,24.33730408203,28.163615917999998
296,-1.69351690821,3.82151690821,-12.3584565217,-1.52554347826,472,5.51503381642,10.832913043440001
299,-10.584011994,10.584011994,-10.584011994,3.365,2455,21.168023988,13.949011994000001
300,-9.46645070423,9.46645070423,-9.46645070423,1.93875,1327,18.93290140846,11.405200704230001
303,-9.46745070423,9.46745070423,-9.46745070423,1.93875,53,18.93490140846,11.40620070423
304,-9.46745070423,9.46745070423,-9.46745070423,1.93875,1218,18.93490140846,11.40620070423
305,-9.46745070423,9.46745070423,-9.46745070423,1.93875,2308,18.93490140846,11.40620070423
307,-7.52597535211,8.93570276149,-8.19791274383,1.43611793976,88,16.4616781136,9.634030683590002
309,-9.46745070423,9.46745070423,-9.46745070423,1.93875,2295,18.93490140846,11.40620070423
310,-1.93875,1.93875,-9.46745070423,-1.70154929577,493,3.8775,7.7659014084599995
311,-8.34516275423,9.46645070423,-9.14300409331,1.4973547875,50,17.811613458460002,10.640358880809998
312,-9.46645070423,9.46645070423,-9.46645070423,1.93875,1194,18.93290140846,11.405200704230001
317,-20.2546015625,20.2546015625,-20.2546015625,16.6229528516,102,40.509203125,36.877554414100004
319,-12.3584565217,12.3584565217,-12.3584565217,3.82151690821,2715,24.7169130434,16.17997342991
324,-9.46745070423,9.46745070423,-9.46745070423,1.93875,2205,18.93490140846,11.40620070423
325,-20.2546015625,20.2546015625,-20.2546015625,20.2546015625,2049,40.509203125,40.509203125
326,-20.2546015625,20.2546015625,-20.2546015625,20.2546015625,2869,40.509203125,40.509203125
330,-9.46645070423,9.46645070423,-9.46645070423,1.93875,1241,18.93290140846,11.405200704230001
331,-9.46645070423,1.93875,-9.46645070423,1.93875,513,11.405200704230001,11.405200704230001
332,-7.842,7.842,-7.842,2.872,518,15.684,10.713999999999999
339,-9.17358167461,9.37880644067,-9.46745070423,1.51590329344,44,18.55238811528,10.983353997670001
342,-1.93875,1.93875,-9.46745070423,-1.70154929577,303,3.8775,7.7659014084599995
343,-9.46745070423,9.46745070423,-9.46745070423,1.93875,1232,18.93490140846,11.40620070423
351,-10.584011994,10.584011994,-10.584011994,3.365,2531,21.168023988,13.949011994000001
354,-7.842,7.842,-6.282,2.872,62,15.684,9.154
355,-7.842,7.842,-7.842,2.872,568,15.684,10.713999999999999
356,-9.46745070423,9.46745070423,-9.46745070423,1.93875,2215,18.93490140846,11.40620070423
357,-9.46745070423,9.46745070423,-9.46745070423,1.93875,2037,18.93490140846,11.40620070423
358,-20.2546015625,20.2546015625,-20.2546015625,20.2546015625,3312,40.509203125,40.509203125
359,-9.46645070423,9.46645070423,-9.46645070423,1.93875,1423,18.93290140846,11.405200704230001
363,-9.46745070423,9.46745070423,-9.46745070423,1.93875,2225,18.93490140846,11.40620070423
376,-9.46745070423,9.46745070423,-9.46745070423,1.93875,1787,18.93490140846,11.40620070423
377,-10.584011994,10.584011994,-10.584011994,3.365,2321,21.168023988,13.949011994000001
382,-12.2901244378,12.2901244378,-12.2901244378,3.75282666667,2722,24.5802488756,16.04295110447
459,-1.237,3.365,-10.584011994,-1.426988006,637,4.602,9.157023988
460,-7.842,7.842,-7.842,2.872,311,15.684,10.713999999999999
465,-7.842,7.842,-7.842,2.872,303,15.684,10.713999999999999
466,-9.41794724239,9.46745070423,-8.94324545293,1.93875,343,18.88539794662,10.881995452930001
467,-9.46645070423,9.46645070423,-9.46645070423,1.93875,110,18.93290140846,11.405200704230001
469,-9.46645070423,9.46645070423,-9.46645070423,1.93875,859,18.93290140846,11.405200704230001
471,-9.46745070423,9.46745070423,-9.46745070423,1.93875,2029,18.93490140846,11.40620070423
472,-10.4762535211,10.4762535211,-10.4762535211,3.256875,2051,20.9525070422,13.7331285211
473,-7.842,7.842,-7.842,2.872,428,15.684,10.713999999999999
475,-11.7224629615,12.3584565217,-10.2155644792,3.82151690821,322,24.0809194832,14.03708138741
477,-9.46745070423,9.46745070423,-9.46745070423,1.93875,2353,18.93490140846,11.40620070423
480,-10.584011994,10.584011994,-10.584011994,3.365,2867,21.168023988,13.949011994000001
481,-10.585011994,10.585011994,-10.585011994,3.36410666667,1974,21.170023988,13.94911866067
487,-9.46745070423,9.46745070423,-9.46745070423,1.93875,950,18.93490140846,11.40620070423
488,-12.3584565217,12.3584565217,-12.3584565217,3.82151690821,2031,24.7169130434,16.17997342991
491,-10.4752535211,10.4752535211,-8.24037676056,3.25775,346,20.9505070422,11.49812676056
492,-7.842,7.842,-7.842,2.872,367,15.684,10.713999999999999
493,-10.584011994,10.584011994,-10.584011994,3.365,2135,21.168023988,13.949011994000001
494,-9.46745070423,9.46745070423,-9.46745070423,1.93875,1805,18.93490140846,11.40620070423
495,-10.585011994,10.585011994,-10.585011994,3.36410666667,1778,21.170023988,13.94911866067
496,-9.46745070423,9.46745070423,-9.46745070423,1.93875,1238,18.93490140846,11.40620070423
499,-9.46645070423,9.46645070423,-9.46645070423,1.93875,947,18.93290140846,11.405200704230001
501,-9.46645070423,9.46645070423,-9.46645070423,1.93875,774,18.93290140846,11.405200704230001
503,-10.584011994,10.584011994,-10.584011994,3.365,3010,21.168023988,13.949011994000001
505,-10.584011994,10.584011994,-10.584011994,3.365,2255,21.168023988,13.949011994000001
507,-10.4752535211,10.4752535211,-10.4752535211,3.25775,2604,20.9505070422,13.7330035211
509,-20.2546015625,20.2546015625,-20.2546015625,20.2546015625,2417,40.509203125,40.509203125
510,-9.46745070423,9.46745070423,-9.46745070423,1.93875,2181,18.93490140846,11.40620070423
511,-7.842,7.842,-7.842,2.872,408,15.684,10.713999999999999
512,-9.46645070423,9.46645070423,-9.46645070423,1.93875,663,18.93290140846,11.405200704230001
513,-10.584011994,10.584011994,-10.584011994,3.365,2473,21.168023988,13.949011994000001
514,-10.584011994,10.584011994,-10.584011994,3.365,1737,21.168023988,13.949011994000001
518,-7.22964455282,5.5845,-9.46745070423,1.93875,255,12.81414455282,11.40620070423
519,-9.46745070423,9.46745070423,-9.46745070423,1.93875,2462,18.93490140846,11.40620070423
520,-9.46745070423,9.46745070423,-9.46745070423,1.93875,1554,18.93490140846,11.40620070423
522,-9.46745070423,9.46745070423,-9.46745070423,1.93875,2411,18.93490140846,11.40620070423
525,-9.46745070423,9.46745070423,-9.46745070423,1.93875,1190,18.93490140846,11.40620070423
531,-9.46745070423,9.46745070423,-9.46745070423,1.93875,1006,18.93490140846,11.40620070423
533,-12.3584565217,12.3584565217,-12.3584565217,3.82151690821,326,24.7169130434,16.17997342991
534,-12.3584565217,12.3584565217,-12.3584565217,3.82151690821,2384,24.7169130434,16.17997342991
535,-9.46745070423,9.46745070423,-9.46745070423,1.93875,2245,18.93490140846,11.40620070423
539,-9.46745070423,9.46745070423,-9.46745070423,1.93875,1208,18.93490140846,11.40620070423
540,-10.584011994,10.584011994,-10.584011994,3.365,2294,21.168023988,13.949011994000001
542,-0.969375,1.93875,-9.46745070423,-1.70154929577,156,2.908125,7.7659014084599995
544,-7.52497535211,9.46645070423,-9.46645070423,1.93875,140,16.99142605634,11.405200704230001
545,-9.46645070423,9.46645070423,-9.46645070423,1.93875,1032,18.93290140846,11.405200704230001
546,-20.2546015625,20.2546015625,-20.2546015625,20.2546015625,3483,40.509203125,40.509203125
547,-12.3584565217,12.3584565217,-12.3584565217,3.82151690821,1682,24.7169130434,16.17997342991
548,-9.46745070423,9.46745070423,-9.46745070423,1.93875,2127,18.93490140846,11.40620070423
550,-12.3584565217,12.3584565217,-12.3584565217,3.82151690821,2072,24.7169130434,16.17997342991
553,-10.584011994,3.365,-10.584011994,1.237,839,13.949011994000001,11.821011994000001
554,-10.584011994,3.365,-10.584011994,1.237,1018,13.949011994000001,11.821011994000001
555,-12.3594565217,12.3594565217,-12.3594565217,3.82151690821,2233,24.7189130434,16.18097342991
560,-12.3584565217,12.3584565217,-12.3584565217,3.82151690821,1328,24.7169130434,16.17997342991
562,-9.46745070423,9.46745070423,-9.46745070423,1.93875,1706,18.93490140846,11.40620070423
563,-10.584011994,10.584011994,-10.584011994,3.365,2710,21.168023988,13.949011994000001
565,-12.3584565217,12.3584565217,-12.3584565217,3.82151690821,1770,24.7169130434,16.17997342991
566,-10.584011994,10.584011994,-10.584011994,3.365,2041,21.168023988,13.949011994000001
569,-10.584011994,10.584011994,-10.584011994,3.365,1439,21.168023988,13.949011994000001
572,-9.46645070423,9.46645070423,-9.46645070423,1.93875,866,18.93290140846,11.405200704230001
574,-10.584011994,10.584011994,-10.584011994,3.365,2471,21.168023988,13.949011994000001
575,-9.46745070423,9.46745070423,-9.46745070423,1.93875,1245,18.93490140846,11.40620070423
578,-12.64515625,13.7171409727,-16.3603125,16.3603125,102,26.3622972227,32.720625
580,-10.584011994,10.584011994,-10.584011994,3.365,2607,21.168023988,13.949011994000001
581,-10.584011994,10.584011994,-10.584011994,3.365,1759,21.168023988,13.949011994000001
584,-7.52597535211,9.46745070423,-6.47206614507,1.93875,169,16.99342605634,8.410816145070001
585,-9.46745070423,9.46745070423,-9.46745070423,1.93875,1019,18.93490140846,11.40620070423
588,-1.237,3.365,-10.584011994,-1.426988006,727,4.602,9.157023988
590,-10.585011994,10.585011994,-9.48854712744,3.36410666667,277,21.170023988,12.852653794110001
599,-9.46745070423,8.52211470218,-9.46745070423,1.93875,317,17.98956540641,11.40620070423
600,-9.46745070423,9.46745070423,-9.46745070423,1.93875,2189,18.93490140846,11.40620070423
601,-10.585011994,10.585011994,-10.585011994,3.36410666667,2284,21.170023988,13.94911866067
602,-9.46745070423,9.46745070423,-9.46745070423,1.93875,2472,18.93490140846,11.40620070423
605,-9.46745070423,9.46745070423,-9.46745070423,1.93875,2001,18.93490140846,11.40620070423
606,-10.584011994,9.71583992527,-10.584011994,3.365,1420,20.29985191927,13.949011994000001
607,-10.584011994,10.584011994,-10.584011994,3.365,1927,21.168023988,13.949011994000001
610,-9.46745070423,9.46745070423,-9.46745070423,1.93875,2368,18.93490140846,11.40620070423
611,-10.584011994,10.584011994,-10.584011994,3.365,1962,21.168023988,13.949011994000001
613,-18.0146922173,18.1710633045,-20.2546015625,20.2546015625,361,36.1857555218,40.509203125
616,-10.584011994,10.584011994,-10.584011994,3.365,2581,21.168023988,13.949011994000001
617,-9.46745070423,9.35725705092,-9.46745070423,1.93875,215,18.82470775515,11.40620070423
618,-9.46745070423,9.46745070423,-9.46745070423,1.93875,1187,18.93490140846,11.40620070423
619,-20.2546015625,20.2546015625,-20.2546015625,20.2546015625,1882,40.509203125,40.509203125
621,-9.46645070423,9.46645070423,-9.46645070423,1.93875,118,18.93290140846,11.405200704230001
622,-9.46645070423,9.46645070423,-9.46645070423,1.93875,883,18.93290140846,11.405200704230001
623,-12.3584565217,12.3584565217,-12.3584565217,3.82151690821,2159,24.7169130434,16.17997342991
624,-12.3584565217,12.3584565217,-12.3584565217,3.82151690821,1857,24.7169130434,16.17997342991
626,-10.4752535211,10.4752535211,-10.4752535211,3.25775,1906,20.9505070422,13.7330035211
627,-9.46745070423,9.46745070423,-7.8536518331,1.383732405,171,18.93490140846,9.237384238099999
632,-9.46745070423,9.46745070423,-7.52597535211,1.93875,139,18.93490140846,9.46472535211
633,-7.842,6.41540496,-7.36156368,2.57928082,34,14.257404959999999,9.9408445
634,-7.842,7.842,-7.842,2.872,246,15.684,10.713999999999999
636,-9.46745070423,9.46745070423,-9.46745070423,1.93875,640,18.93490140846,11.40620070423
638,-6.31981979378,10.584011994,-9.9119561072,3.365,231,16.90383178778,13.2769561072
641,-9.46745070423,9.46745070423,-9.46745070423,1.93875,2540,18.93490140846,11.40620070423
642,-9.46745070423,9.46745070423,-9.46745070423,1.93875,1381,18.93490140846,11.40620070423
643,-10.584011994,8.294755997,-10.584011994,3.2874250886,322,18.878767991,13.8714370826
644,-10.584011994,10.584011994,-10.584011994,3.365,1741,21.168023988,13.949011994000001
645,-12.2901244378,12.2901244378,-12.2901244378,3.75282666667,361,24.5802488756,16.04295110447
646,-12.2901244378,12.2901244378,-12.2901244378,3.75282666667,2357,24.5802488756,16.04295110447
649,0.679869748712,3.365,-8.34989283039,-1.5128008091,87,2.685130251288,6.837092021290001
650,-10.584011994,10.584011994,-10.584011994,3.365,2118,21.168023988,13.949011994000001
654,-9.46745070423,9.46745070423,-9.46745070423,1.93875,1950,18.93490140846,11.40620070423
658,-9.2762538526,10.1899675703,-9.88738304729,2.37738077879,347,19.4662214229,12.26476382608
661,-9.46645070423,9.46645070423,-9.46645070423,1.93875,913,18.93290140846,11.405200704230001
663,-9.46645070423,1.93875,-9.46645070423,1.93875,492,11.405200704230001,11.405200704230001
666,-20.086171875,20.086171875,-20.086171875,20.086171875,564,40.17234375,40.17234375
667,-10.585011994,10.585011994,-10.585011994,3.36410666667,2213,21.170023988,13.94911866067
668,-9.46745070423,9.46745070423,-9.46745070423,1.93875,1992,18.93490140846,11.40620070423
669,-9.46745070423,9.46745070423,-9.46745070423,1.93875,2234,18.93490140846,11.40620070423
670,-6.88001405739,9.46645070423,-9.46645070423,1.422217885,116,16.346464761620002,10.88866858923
672,-9.46645070423,9.46645070423,-9.46645070423,1.93875,885,18.93290140846,11.405200704230001
675,-9.46645070423,0.969375,-9.46645070423,0.674208390625,59,10.43582570423,10.140659094855
676,-9.46645070423,9.46645070423,-9.46645070423,1.93875,944,18.93290140846,11.405200704230001
677,-11.9004495169,12.3584565217,-11.8862355372,3.82151690821,304,24.258906038600003,15.70775244541
678,-12.3584565217,12.3584565217,-12.3584565217,3.82151690821,2119,24.7169130434,16.17997342991
679,-10.584011994,10.584011994,-10.584011994,3.365,2850,21.168023988,13.949011994000001
680,-9.46745070423,9.46745070423,-9.46745070423,1.93875,1236,18.93490140846,11.40620070423
682,-10.585011994,10.585011994,-10.585011994,3.36410666667,1909,21.170023988,13.94911866067
683,-12.3594565217,12.3594565217,-12.3594565217,3.82151690821,1787,24.7189130434,16.18097342991
686,-9.46645070423,9.46645070423,-9.46645070423,1.93875,1073,18.93290140846,11.405200704230001
687,-7.842,2.872,-7.842,0.711082568,171,10.713999999999999,8.553082567999999
688,-9.46745070423,9.46745070423,-9.46745070423,1.93875,1119,18.93490140846,11.40620070423
690,-9.46645070423,9.46645070423,-9.46645070423,1.93875,908,18.93290140846,11.405200704230001
691,-10.584011994,10.584011994,-10.584011994,3.365,2726,21.168023988,13.949011994000001
693,-1.2829919425,1.93875,-9.46745070423,-1.70154929577,72,3.2217419425,7.7659014084599995
694,-9.46745070423,1.93875,-9.46745070423,1.93875,864,11.40620070423,11.40620070423
695,-11.569733748,3.75282666667,-12.2901244378,0.280413333333,947,15.32256041467,12.570537771132999
699,-10.298099405,12.3584565217,-12.3584565217,2.44275845411,198,22.6565559267,14.801214975810002
700,-10.584011994,10.584011994,-10.584011994,3.365,2017,21.168023988,13.949011994000001
704,-12.2901244378,12.2901244378,-12.2901244378,3.75282666667,2043,24.5802488756,16.04295110447
706,-12.3584565217,12.3584565217,-12.3584565217,3.82151690821,2102,24.7169130434,16.17997342991
707,-7.52597535211,9.46745070423,-7.61540588992,1.93875,215,16.99342605634,9.55415588992
710,-9.46745070423,9.46745070423,-9.46745070423,1.93875,1315,18.93490140846,11.40620070423
711,-7.98149709589,7.97838501242,-8.93860087693,1.93875,342,15.959882108310001,10.87735087693
712,-10.584011994,10.584011994,-10.584011994,3.365,2036,21.168023988,13.949011994000001
714,-9.46745070423,9.46745070423,-9.46745070423,1.93875,1738,18.93490140846,11.40620070423
716,-12.3584565217,12.3584565217,-12.2536174595,3.82151690821,281,24.7169130434,16.07513436771
718,-16.3603125,16.3603125,-16.3603125,16.3603125,1935,32.720625,32.720625
719,-9.46745070423,9.46745070423,-9.46745070423,1.93875,2307,18.93490140846,11.40620070423
721,-9.46645070423,9.46645070423,-9.46645070423,1.93875,1005,18.93290140846,11.405200704230001
722,-12.3584565217,12.3584565217,-12.3584565217,3.82151690821,1746,24.7169130434,16.17997342991
728,-9.46645070423,8.40688257394,-9.46645070423,1.93875,133,17.87333327817,11.405200704230001
729,-10.584011994,3.365,-10.584011994,1.237,1209,13.949011994000001,11.821011994000001
730,-9.46645070423,9.46645070423,-9.46645070423,1.93875,1009,18.93290140846,11.405200704230001
731,-9.46745070423,9.46745070423,-9.46745070423,1.93875,311,18.93490140846,11.40620070423
732,-9.46745070423,9.46745070423,-9.46745070423,1.93875,2259,18.93490140846,11.40620070423
733,-10.0669256669,8.24037676056,-10.4752535211,3.25775,392,18.30730242746,13.7330035211
737,-9.46745070423,9.46745070423,-9.46745070423,1.93875,1668,18.93490140846,11.40620070423
741,-16.3603125,16.3603125,-16.3603125,16.3603125,1883,32.720625,32.720625
742,-9.46745070423,9.46745070423,-9.46745070423,1.93875,310,18.93490140846,11.40620070423
743,-9.46745070423,9.46745070423,-9.46745070423,1.93875,1911,18.93490140846,11.40620070423
745,-11.906763815,12.2901244378,-12.2901244378,3.75282666667,295,24.1968882528,16.04295110447
746,-12.2901244378,12.2901244378,-12.2901244378,3.75282666667,1824,24.5802488756,16.04295110447
747,-9.46745070423,9.46745070423,-9.46745070423,1.93875,1835,18.93490140846,11.40620070423
749,-7.842,7.842,-7.842,2.872,330,15.684,10.713999999999999
750,-10.585011994,10.585011994,-10.585011994,3.36410666667,2065,21.170023988,13.94911866067
752,-9.46745070423,9.46745070423,-9.46745070423,1.93875,312,18.93490140846,11.40620070423
753,-12.3584565217,12.3584565217,-12.3584565217,3.82151690821,2003,24.7169130434,16.17997342991
755,-10.4752535211,3.25775,-10.4752535211,1.12975,1180,13.7330035211,11.6050035211
756,-16.3603125,15.9543021033,-16.3603125,16.3603125,285,32.3146146033,32.720625
757,-16.3603125,16.3603125,-16.3603125,16.3603125,2110,32.720625,32.720625
764,-9.46645070423,9.46645070423,-9.46645070423,1.93875,977,18.93290140846,11.405200704230001
765,-12.3584565217,11.9538523965,-10.5977107934,3.75024077724,331,24.312308918200003,14.34795157064
767,-12.3584565217,12.3584565217,-12.3584565217,3.82151690821,2165,24.7169130434,16.17997342991
771,-9.46645070423,9.46645070423,-9.46645070423,1.93875,908,18.93290140846,11.405200704230001
772,-12.3584565217,12.3584565217,-12.3584565217,3.82151690821,2072,24.7169130434,16.17997342991
773,-9.46745070423,9.46745070423,-9.46745070423,1.93875,980,18.93490140846,11.40620070423
774,-9.46645070423,7.93892972465,-7.99494606268,1.93875,122,17.40538042888,9.933696062680001
775,-9.46745070423,9.46745070423,-9.46745070423,1.93875,1790,18.93490140846,11.40620070423
776,-12.3584565217,12.3584565217,-12.3584565217,3.82151690821,1962,24.7169130434,16.17997342991
777,-9.46645070423,9.46645070423,-9.46645070423,1.93875,990,18.93290140846,11.405200704230001
789,-10.584011994,10.584011994,-10.584011994,3.365,2219,21.168023988,13.949011994000001
790,-9.46745070423,9.46745070423,-9.46745070423,1.93875,1750,18.93490140846,11.40620070423
791,-16.3603125,16.3603125,-16.3603125,16.0501419135,268,32.720625,32.4104544135
795,-12.3584565217,12.3584565217,-12.3584565217,3.82151690821,1494,24.7169130434,16.17997342991
796,-20.2546015625,20.2546015625,-20.2546015625,20.2546015625,2723,40.509203125,40.509203125
798,-10.4752535211,10.4752535211,-10.4752535211,3.25775,324,20.9505070422,13.7330035211
801,-16.3603125,5.42822916667,-16.3603125,5.43822916667,266,21.78854166667,21.798541666669998
802,-10.585011994,10.585011994,-10.585011994,3.36410666667,1933,21.170023988,13.94911866067
803,-7.842,7.842,-7.842,2.872,302,15.684,10.713999999999999
804,-20.2546015625,20.2546015625,-20.2546015625,20.2546015625,2708,40.509203125,40.509203125
806,-16.3603125,16.3603125,-16.3603125,16.3603125,1992,32.720625,32.720625
807,-1.69351690821,3.82151690821,-12.3584565217,-1.52554347826,157,5.51503381642,10.832913043440001
810,-9.46645070423,9.46645070423,-9.46645070423,1.93875,850,18.93290140846,11.405200704230001
811,-10.585011994,10.585011994,-10.585011994,3.36410666667,2501,21.170023988,13.94911866067
812,-9.46745070423,9.46745070423,-9.46745070423,1.93875,2178,18.93490140846,11.40620070423
814,-9.46745070423,9.46745070423,-9.46745070423,1.93875,1636,18.93490140846,11.40620070423
818,-9.46645070423,9.46645070423,-9.46645070423,1.93875,994,18.93290140846,11.405200704230001
819,-9.46745070423,9.46745070423,-7.52597535211,1.41493787875,101,18.93490140846,8.94091323086
820,-9.46745070423,9.46745070423,-9.46745070423,1.93875,966,18.93490140846,11.40620070423
821,-10.585011994,10.585011994,-10.585011994,3.36410666667,2609,21.170023988,13.94911866067
823,-9.46745070423,9.46745070423,-9.46745070423,1.93875,1697,18.93490140846,11.40620070423
825,-16.3603125,16.175220582,-16.3603125,16.3603125,81,32.535533082,32.720625
827,-16.3603125,16.3603125,-16.3603125,16.3603125,635,32.720625,32.720625
831,-10.584011994,10.584011994,-10.584011994,3.365,2084,21.168023988,13.949011994000001
832,-8.65199515044,9.19871981408,-9.16455250965,1.93875,265,17.85071496452,11.10330250965
833,-9.46745070423,9.46745070423,-9.46745070423,1.93875,1692,18.93490140846,11.40620070423
835,-10.585011994,10.585011994,-10.585011994,3.36410666667,2656,21.170023988,13.94911866067
837,-10.584011994,10.584011994,-10.584011994,3.365,2631,21.168023988,13.949011994000001
840,-10.584011994,10.584011994,-10.584011994,3.365,2888,21.168023988,13.949011994000001
841,-9.46745070423,9.46745070423,-9.46745070423,1.93875,134,18.93490140846,11.40620070423
842,-16.3603125,16.3603125,-16.3603125,16.3603125,650,32.720625,32.720625
849,-8.44479287165,10.585011994,-9.67813716488,3.30018493732,330,19.02980486565,12.9783221022
850,-20.086171875,20.086171875,-20.086171875,20.086171875,598,40.17234375,40.17234375
851,-9.46745070423,9.46745070423,-9.46745070423,1.93875,1801,18.93490140846,11.40620070423
852,-10.584011994,10.584011994,-10.584011994,3.365,1777,21.168023988,13.949011994000001
853,-16.3603125,16.3603125,-16.3603125,16.3603125,640,32.720625,32.720625
855,-12.3594565217,12.3594565217,-12.3594565217,3.82151690821,1903,24.7189130434,16.18097342991
859,-9.46745070423,9.46745070423,-9.46745070423,1.93875,2519,18.93490140846,11.40620070423
864,-12.3584565217,12.3584565217,-12.3584565217,3.82151690821,2082,24.7169130434,16.17997342991
865,-12.3584565217,12.3584565217,-12.3584565217,3.82151690821,2006,24.7169130434,16.17997342991
868,-10.584011994,10.584011994,-10.584011994,3.365,2307,21.168023988,13.949011994000001
869,-10.584011994,10.584011994,-10.584011994,3.365,1953,21.168023988,13.949011994000001
872,-10.584011994,9.94901928091,-9.55712531377,3.20023738211,349,20.53303127491,12.75736269588
873,-12.3584565217,12.3584565217,-12.3584565217,3.82151690821,266,24.7169130434,16.17997342991
874,-12.3584565217,12.3584565217,-12.3584565217,3.82151690821,2056,24.7169130434,16.17997342991
875,-9.46645070423,9.46645070423,-9.46645070423,1.93875,1088,18.93290140846,11.405200704230001
878,-9.46745070423,9.46745070423,-9.46745070423,1.93875,2419,18.93490140846,11.40620070423
881,-12.2901244378,12.2901244378,-12.2901244378,3.75282666667,1775,24.5802488756,16.04295110447
882,-9.46745070423,9.46745070423,-9.46745070423,1.93875,1496,18.93490140846,11.40620070423
886,-7.842,7.842,-7.842,2.872,192,15.684,10.713999999999999
888,-10.584011994,10.584011994,-10.584011994,3.365,1939,21.168023988,13.949011994000001
889,-9.31729295227,10.4752535211,-10.3213331449,2.52584566673,352,19.792546473370003,12.84717881163
891,-20.086171875,20.086171875,-20.086171875,20.086171875,564,40.17234375,40.17234375
892,-12.3584565217,12.3584565217,-12.3584565217,3.82151690821,1983,24.7169130434,16.17997342991
894,-20.086171875,20.086171875,-20.086171875,20.086171875,517,40.17234375,40.17234375
896,-12.3584565217,12.3584565217,-12.3584565217,3.82151690821,1723,24.7169130434,16.17997342991
897,-9.46745070423,9.46745070423,-9.46745070423,1.93875,985,18.93490140846,11.40620070423
898,-12.2901244378,12.2901244378,-12.2901244378,3.75282666667,1854,24.5802488756,16.04295110447
899,-10.4752535211,10.4752535211,-10.4752535211,3.25775,1933,20.9505070422,13.7330035211
900,-10.584011994,10.584011994,-10.584011994,3.365,2813,21.168023988,13.949011994000001
904,-9.46745070423,9.46745070423,-9.46745070423,1.93875,1063,18.93490140846,11.40620070423
905,-9.46745070423,9.46745070423,-9.46745070423,1.93875,2097,18.93490140846,11.40620070423
907,-9.46745070423,9.46745070423,-9.46745070423,1.93875,2150,18.93490140846,11.40620070423
911,-9.46745070423,9.46745070423,-9.46745070423,1.93875,2201,18.93490140846,11.40620070423
912,-12.3584565217,12.3584565217,-12.3584565217,3.82151690821,2116,24.7169130434,16.17997342991
914,-10.584011994,9.49051355676,-10.1963534439,2.2145,396,20.07452555076,12.410853443899999
915,-9.46745070423,9.46745070423,-9.46745070423,1.93875,1012,18.93490140846,11.40620070423
921,-16.3603125,16.3603125,-16.3603125,16.3603125,2028,32.720625,32.720625
923,-10.584011994,10.584011994,-10.584011994,3.365,286,21.168023988,13.949011994000001
924,-10.584011994,10.584011994,-10.584011994,3.365,1995,21.168023988,13.949011994000001
926,-9.46745070423,9.46745070423,-9.46745070423,1.93875,842,18.93490140846,11.40620070423
927,-20.2546015625,20.2546015625,-20.2546015625,20.2546015625,2291,40.509203125,40.509203125
931,-9.46745070423,9.46745070423,-9.46745070423,1.93875,959,18.93490140846,11.40620070423
933,-9.46745070423,9.46745070423,-9.46745070423,1.93875,2134,18.93490140846,11.40620070423
934,-16.3603125,16.3603125,-16.3603125,16.3603125,1962,32.720625,32.720625
935,-9.46745070423,9.46745070423,-9.46745070423,1.93875,1483,18.93490140846,11.40620070423
938,-8.54507091657,10.5298652439,-9.54966312029,1.59678113914,409,19.07493616047,11.146444259430002
944,-10.584011994,10.584011994,-10.584011994,3.365,1691,21.168023988,13.949011994000001
945,-10.584011994,10.584011994,-10.584011994,3.365,2765,21.168023988,13.949011994000001
947,-10.584011994,10.584011994,-10.584011994,3.365,2171,21.168023988,13.949011994000001
948,-10.584011994,10.584011994,-10.584011994,3.365,2437,21.168023988,13.949011994000001
949,-10.584011994,10.584011994,-10.584011994,3.365,2047,21.168023988,13.949011994000001
953,-10.584011994,10.584011994,-10.584011994,3.365,2862,21.168023988,13.949011994000001
956,-10.5333471483,10.584011994,-10.584011994,3.13566589521,323,21.117359142300003,13.71967788921
961,-10.0689839202,10.584011994,-10.584011994,3.365,344,20.6529959142,13.949011994000001
963,-1.237,3.365,-10.584011994,-1.426988006,844,4.602,9.157023988
965,-7.842,7.842,-7.842,2.872,253,15.684,10.713999999999999
968,-7.842,7.842,-7.842,2.872,299,15.684,10.713999999999999
969,-9.46645070423,9.46645070423,-9.46645070423,1.93875,966,18.93290140846,11.405200704230001
971,-10.584011994,10.584011994,-10.584011994,3.365,1576,21.168023988,13.949011994000001
974,-10.584011994,10.584011994,-10.584011994,3.365,2264,21.168023988,13.949011994000001
980,-20.2546015625,20.2546015625,-20.2546015625,20.2546015625,3472,40.509203125,40.509203125
981,-20.2546015625,20.2546015625,-20.2546015625,20.2546015625,2744,40.509203125,40.509203125
982,-8.3830628993,9.46645070423,-9.38642531813,1.93875,91,17.84951360353,11.32517531813
983,-9.46645070423,9.46645070423,-9.46645070423,1.93875,934,18.93290140846,11.405200704230001
984,-7.82429515335,9.46645070423,-9.46645070423,1.93875,149,17.29074585758,11.405200704230001
986,-20.086171875,20.086171875,-20.086171875,20.086171875,440,40.17234375,40.17234375
989,-9.46745070423,9.46745070423,-7.52597535211,1.93875,331,18.93490140846,9.46472535211
991,-9.46745070423,9.46745070423,-9.46745070423,1.93875,1483,18.93490140846,11.40620070423
992,-9.46645070423,9.46645070423,-9.46645070423,1.93875,1155,18.93290140846,11.405200704230001
997,-1.91865353095,1.93875,-9.46745070423,-2.49849059711,108,3.85740353095,6.96896010712
999,-10.584011994,10.584011994,-10.584011994,3.365,2030,21.168023988,13.949011994000001
1000,-9.46645070423,9.46645070423,-9.46645070423,1.93875,1127,18.93290140846,11.405200704230001
1002,-9.46645070423,9.46645070423,-9.46645070423,1.93875,847,18.93290140846,11.405200704230001
1003,-10.584011994,10.584011994,-10.584011994,3.365,1968,21.168023988,13.949011994000001
1009,-10.584011994,10.584011994,-10.584011994,3.365,1946,21.168023988,13.949011994000001
1010,-10.584011994,10.584011994,-10.584011994,3.365,1952,21.168023988,13.949011994000001
1012,-12.3584565217,12.3584565217,-12.3584565217,3.82151690821,284,24.7169130434,16.17997342991
1015,-10.584011994,10.584011994,-10.584011994,3.365,2790,21.168023988,13.949011994000001
1018,-9.46745070423,9.46745070423,-9.46745070423,1.93875,291,18.93490140846,11.40620070423
1019,-9.46745070423,9.46745070423,-9.46745070423,1.93875,2058,18.93490140846,11.40620070423
1020,-9.46745070423,9.46745070423,-9.46745070423,1.93875,981,18.93490140846,11.40620070423
1021,-10.584011994,10.584011994,-10.584011994,3.365,2447,21.168023988,13.949011994000001
1022,-10.955,20.086171875,-17.7008041191,20.086171875,95,31.041171875000003,37.786975994100004
1024,-10.584011994,10.584011994,-10.584011994,3.365,2037,21.168023988,13.949011994000001
1025,-20.086171875,20.086171875,-20.086171875,20.086171875,850,40.17234375,40.17234375
1031,-10.584011994,10.584011994,-10.584011994,3.365,235,21.168023988,13.949011994000001
1032,-7.842,7.842,-7.842,2.872,300,15.684,10.713999999999999
1034,-10.584011994,10.584011994,-10.584011994,3.365,2637,21.168023988,13.949011994000001
1035,-9.46745070423,9.46745070423,-9.46745070423,1.93875,1141,18.93490140846,11.40620070423
1036,-9.46645070423,9.46645070423,-9.46645070423,1.93875,645,18.93290140846,11.405200704230001
1038,-15.0434297148,16.3603125,-16.3603125,16.3603125,127,31.403742214799998,32.720625
1039,-16.3603125,5.42822916667,-16.3603125,5.43822916667,278,21.78854166667,21.798541666669998
1041,-12.2901244378,12.2901244378,-12.2901244378,3.75282666667,1425,24.5802488756,16.04295110447
1042,-10.4762535211,10.4762535211,-10.4762535211,3.256875,2652,20.9525070422,13.7331285211
1044,-9.46745070423,1.93875,-9.46745070423,1.93875,1059,11.40620070423,11.40620070423
1045,-9.46745070423,9.46745070423,-9.46745070423,1.93875,2393,18.93490140846,11.40620070423
1046,-10.584011994,10.584011994,-10.584011994,3.365,2945,21.168023988,13.949011994000001
1050,-12.3594565217,12.3594565217,-12.3594565217,3.82151690821,2072,24.7189130434,16.18097342991
1051,-12.3584565217,12.3584565217,-12.3584565217,3.82151690821,1913,24.7169130434,16.17997342991
1052,-16.3603125,16.3603125,-16.3603125,16.3603125,433,32.720625,32.720625
1054,-10.584011994,10.584011994,-10.584011994,3.365,2838,21.168023988,13.949011994000001
1055,-10.584011994,10.584011994,-10.584011994,3.365,2685,21.168023988,13.949011994000001
1056,-9.46645070423,9.46645070423,-9.46645070423,1.93875,835,18.93290140846,11.405200704230001
1057,-10.584011994,8.5315354571,-10.3887336169,2.32737358952,395,19.1155474511,12.71610720642
1058,-10.584011994,10.584011994,-10.584011994,3.365,2053,21.168023988,13.949011994000001
1059,-10.584011994,10.584011994,-10.4767058481,3.08527442797,222,21.168023988,13.561980276069999
1060,-16.3603125,12.64515625,-16.1245376405,14.8957041366,245,29.00546875,31.0202417771
1062,-9.46745070423,9.46745070423,-9.46745070423,1.93875,1519,18.93490140846,11.40620070423
1063,-9.46745070423,9.46745070423,-9.46745070423,1.93875,1875,18.93490140846,11.40620070423
1064,-10.4752535211,10.3963101169,-8.10359186179,2.16877871392,270,20.871563638,10.27237057571
1065,-12.3594565217,12.3594565217,-12.3594565217,3.82151690821,2043,24.7189130434,16.18097342991
1069,-1.237,3.365,-10.584011994,-1.426988006,571,4.602,9.157023988
1070,-9.28795237408,9.77727266733,-9.60120376209,3.36410666667,283,19.06522504141,12.96531042876
1073,-10.585011994,10.585011994,-10.585011994,3.36410666667,1586,21.170023988,13.94911866067
1075,-7.842,7.842,-7.842,2.872,248,15.684,10.713999999999999
1076,-9.46745070423,9.46745070423,-9.46745070423,1.93875,231,18.93490140846,11.40620070423
1077,-10.584011994,10.584011994,-10.584011994,3.365,2552,21.168023988,13.949011994000001
1080,-9.46745070423,9.46745070423,-9.46745070423,1.93875,737,18.93490140846,11.40620070423
1081,-7.842,7.842,-7.842,2.872,401,15.684,10.713999999999999
1082,-12.3584565217,12.3584565217,-12.3584565217,3.82151690821,296,24.7169130434,16.17997342991
1083,-12.3584565217,12.3584565217,-12.3584565217,3.82151690821,2173,24.7169130434,16.17997342991
1084,-9.46745070423,9.46745070423,-9.46745070423,1.93875,1319,18.93490140846,11.40620070423
1085,-20.2546015625,20.2546015625,-20.2546015625,20.2546015625,2759,40.509203125,40.509203125
1086,-10.584011994,10.584011994,-10.584011994,3.365,1556,21.168023988,13.949011994000001
1087,-1.237,-1.237,-6.0055,-6.0055,18,0.0,0.0
1088,-16.3603125,5.43822916667,-16.3603125,16.3603125,337,21.798541666669998,32.720625
1089,-20.2546015625,20.2546015625,-20.2546015625,20.2546015625,241,40.509203125,40.509203125
1090,-20.2546015625,20.2546015625,-20.2546015625,20.2546015625,1931,40.509203125,40.509203125
1091,-16.3603125,16.3603125,-16.3603125,16.3603125,769,32.720625,32.720625
1092,-12.3584565217,12.3584565217,-12.3584565217,3.82151690821,1883,24.7169130434,16.17997342991
1093,-9.46645070423,9.46645070423,-9.46645070423,1.93875,934,18.93290140846,11.405200704230001
1095,-10.584011994,10.584011994,-10.584011994,3.365,1783,21.168023988,13.949011994000001
1100,-9.46745070423,9.46745070423,-9.46745070423,1.93875,1474,18.93490140846,11.40620070423
1102,-1.1887419312,3.365,-9.1000654169,-1.426988006,105,4.5537419312,7.6730774108999995
1103,-9.46745070423,9.46745070423,-9.46745070423,1.93875,2456,18.93490140846,11.40620070423
1104,-16.3603125,16.3603125,-16.3603125,16.3603125,1575,32.720625,32.720625
1105,-9.46645070423,9.46645070423,-9.46645070423,1.93875,951,18.93290140846,11.405200704230001
1106,-9.46745070423,9.46745070423,-9.46745070423,1.31457078852,341,18.93490140846,10.78202149275
1107,-9.46745070423,9.46745070423,-9.46745070423,1.93875,2477,18.93490140846,11.40620070423
1110,-9.46745070423,9.46745070423,-9.46745070423,1.93875,1605,18.93490140846,11.40620070423
1118,-9.46745070423,9.46745070423,-9.46745070423,1.93875,2285,18.93490140846,11.40620070423
1119,-9.46745070423,9.46745070423,-9.46745070423,1.93875,2333,18.93490140846,11.40620070423
1120,-10.584011994,10.584011994,-10.584011994,3.365,1581,21.168023988,13.949011994000001
1121,-9.46745070423,9.46745070423,-9.46745070423,1.93875,1456,18.93490140846,11.40620070423
1123,-12.3584565217,12.3584565217,-12.3584565217,3.82151690821,1573,24.7169130434,16.17997342991
1127,-10.584011994,10.584011994,-10.584011994,3.365,1798,21.168023988,13.949011994000001
1128,-16.3603125,16.3603125,-16.3603125,16.3603125,774,32.720625,32.720625
1129,-9.46745070423,9.46745070423,-9.46745070423,1.93875,1463,18.93490140846,11.40620070423
1135,-9.46745070423,9.46745070423,-9.46745070423,1.93875,2522,18.93490140846,11.40620070423
1138,-9.46745070423,9.46745070423,-9.46745070423,1.93875,945,18.93490140846,11.40620070423
1139,-10.584011994,10.584011994,-10.584011994,3.365,2727,21.168023988,13.949011994000001
1143,-12.3584565217,12.3584565217,-12.3584565217,3.82151690821,2155,24.7169130434,16.17997342991
1145,-7.842,7.842,-7.842,2.872,279,15.684,10.713999999999999
1146,-9.46645070423,9.46645070423,-9.46645070423,1.93875,885,18.93290140846,11.405200704230001
1147,-10.584011994,10.584011994,-10.584011994,3.365,2710,21.168023988,13.949011994000001
1148,-9.46745070423,9.46745070423,-9.46745070423,1.93875,1109,18.93490140846,11.40620070423
1149,-10.584011994,10.584011994,-10.584011994,3.365,1814,21.168023988,13.949011994000001
1151,-16.3603125,16.3603125,-16.3603125,16.3603125,709,32.720625,32.720625
1152,-20.2546015625,20.2546015625,-20.2546015625,20.2546015625,2553,40.509203125,40.509203125
1155,-12.3584565217,12.3584565217,-12.3584565217,3.82151690821,1811,24.7169130434,16.17997342991
1156,-10.584011994,10.584011994,-10.584011994,3.365,2068,21.168023988,13.949011994000001
1157,-10.584011994,10.584011994,-10.584011994,3.365,1827,21.168023988,13.949011994000001
1158,-20.2546015625,6.88542708333,-20.2546015625,15.9519693981,1426,27.14002864583,36.2065709606
1161,-9.46745070423,9.46745070423,-9.46745070423,1.93875,1021,18.93490140846,11.40620070423
1162,-9.46745070423,1.93875,-9.46745070423,1.93875,1118,11.40620070423,11.40620070423
1163,-9.46645070423,9.46645070423,-9.46645070423,1.93875,1002,18.93290140846,11.405200704230001
1164,-9.46745070423,9.46745070423,-9.46745070423,1.93875,1942,18.93490140846,11.40620070423
1165,-12.3584565217,12.3584565217,-12.3584565217,3.82151690821,1880,24.7169130434,16.17997342991
1166,-9.46745070423,9.46745070423,-9.46745070423,1.93875,1830,18.93490140846,11.40620070423
1167,-9.51894961667,2.21380333333,-10.585011994,1.08035645805,152,11.73275295,11.66536845205
1168,-1.23710666667,3.11876699803,-10.585011994,-1.427988006,158,4.3558736647,9.157023988
1169,-9.24631111076,9.46645070423,-7.52497535211,1.93875,109,18.712761814990003,9.46372535211
1170,-9.46745070423,9.46745070423,-9.46745070423,1.93875,2194,18.93490140846,11.40620070423
1171,-10.584011994,10.584011994,-10.584011994,3.365,2837,21.168023988,13.949011994000001
1172,-10.584011994,10.584011994,-10.584011994,3.365,2223,21.168023988,13.949011994000001
1173,-16.3603125,16.3603125,-16.3603125,16.3603125,705,32.720625,32.720625
1174,-9.46745070423,9.46745070423,-9.46745070423,1.93875,1558,18.93490140846,11.40620070423
1175,-9.46745070423,9.46745070423,-9.46745070423,1.93875,2191,18.93490140846,11.40620070423
1177,-12.3584565217,12.3584565217,-11.9405369374,2.44275845411,228,24.7169130434,14.38329539151
1178,-1.69351690821,3.82151690821,-12.3584565217,-1.52554347826,479,5.51503381642,10.832913043440001
1180,-10.585011994,10.585011994,-10.585011994,3.36410666667,2135,21.170023988,13.94911866067
1181,-9.46645070423,9.46645070423,-9.46645070423,1.93875,904,18.93290140846,11.405200704230001
1182,-12.3584565217,12.3584565217,-12.3584565217,3.82151690821,2167,24.7169130434,16.17997342991
1183,-20.2546015625,20.2546015625,-20.2546015625,20.2546015625,2911,40.509203125,40.509203125
1184,-12.3584565217,12.3584565217,-12.3584565217,3.82151690821,2045,24.7169130434,16.17997342991
1186,-8.24037676056,10.046375842,-8.24037676056,3.25775,295,18.28675260256,11.49812676056
1188,-9.61240218462,3.25775,-10.4752535211,0.491714062229,826,12.87015218462,10.966967583329001
1191,-10.584011994,10.584011994,-10.584011994,3.365,2839,21.168023988,13.949011994000001
1195,-9.46645070423,9.46645070423,-9.46645070423,1.93875,983,18.93290140846,11.405200704230001
1199,-7.842,7.842,-7.842,2.872,392,15.684,10.713999999999999
1200,-20.086171875,20.086171875,-20.086171875,20.086171875,691,40.17234375,40.17234375
1201,-9.46745070423,9.46745070423,-9.46745070423,1.93875,989,18.93490140846,11.40620070423
1204,-9.46745070423,9.46745070423,-9.46745070423,1.93875,1530,18.93490140846,11.40620070423
1207,-10.8234921518,12.3584565217,-9.65022826087,3.82151690821,263,23.181948673500003,13.47174516908
1208,-12.2901244378,12.2901244378,-12.2901244378,3.75282666667,2241,24.5802488756,16.04295110447
1209,-12.3584565217,12.3584565217,-12.3584565217,3.82151690821,2070,24.7169130434,16.17997342991
1211,-9.46745070423,9.46745070423,-9.46745070423,1.93875,633,18.93490140846,11.40620070423
1212,-9.46745070423,9.46745070423,-9.46745070423,1.93875,513,18.93490140846,11.40620070423
1213,-9.46645070423,9.46645070423,-9.46645070423,1.93875,141,18.93290140846,11.405200704230001
1219,-12.3584565217,12.3584565217,-12.3584565217,3.82151690821,2278,24.7169130434,16.17997342991
1220,-10.585011994,10.585011994,-10.585011994,3.36410666667,2061,21.170023988,13.94911866067
1221,-20.086171875,20.086171875,-20.086171875,20.086171875,470,40.17234375,40.17234375
1222,-7.842,7.842,-7.842,2.872,402,15.684,10.713999999999999
1231,-10.584011994,10.584011994,-10.584011994,3.365,2657,21.168023988,13.949011994000001
1232,-16.3603125,13.1117616439,-16.3603125,14.8850116573,288,29.4720741439,31.245324157299997
1233,-16.3603125,16.3603125,-16.3603125,16.3603125,2124,32.720625,32.720625
1237,-9.46745070423,9.46745070423,-9.46745070423,1.93875,980,18.93490140846,11.40620070423
1243,-16.3603125,16.3603125,-16.3603125,16.3603125,921,32.720625,32.720625
1244,-10.584011994,10.584011994,-10.584011994,3.365,1369,21.168023988,13.949011994000001
1247,-9.46745070423,9.46745070423,-9.46745070423,1.93875,936,18.93490140846,11.40620070423
1248,-9.46645070423,9.46645070423,-9.46645070423,1.93875,1033,18.93290140846,11.405200704230001
1250,-9.46745070423,9.46745070423,-9.46745070423,1.93875,2206,18.93490140846,11.40620070423
1252,-9.46745070423,9.46745070423,-9.46745070423,1.93875,934,18.93490140846,11.40620070423
1254,-9.46645070423,9.46645070423,-9.46645070423,1.93875,1009,18.93290140846,11.405200704230001
1255,-9.46745070423,9.46745070423,-9.46745070423,1.93875,877,18.93490140846,11.40620070423
1256,-10.584011994,10.584011994,-10.584011994,3.365,2084,21.168023988,13.949011994000001
1259,-9.46745070423,9.46745070423,-9.46745070423,1.93875,838,18.93490140846,11.40620070423
1260,-9.46645070423,8.67407414085,-9.46645070423,1.93875,112,18.14052484508,11.405200704230001
1262,-9.46645070423,9.46645070423,-9.46645070423,1.93875,890,18.93290140846,11.405200704230001
1266,-20.2546015625,20.2546015625,-20.2546015625,20.2546015625,2513,40.509203125,40.509203125
1269,-20.2546015625,20.2546015625,-20.2546015625,20.2546015625,2933,40.509203125,40.509203125
1270,-12.3584565217,12.3584565217,-12.2538828389,3.82151690821,283,24.7169130434,16.075399747109998
1273,-12.3584565217,12.3584565217,-12.3584565217,3.82151690821,1670,24.7169130434,16.17997342991
1274,-7.842,7.842,-7.842,2.872,295,15.684,10.713999999999999
1275,-0.0865,2.2145,-8.294755997,-3.716244003,45,2.301,4.578511993999999
1276,-0.0865,2.18996875095,-9.72727173061,-2.56120825859,26,2.27646875095,7.166063472019999
1278,-9.46745070423,9.46745070423,-9.46745070423,1.93875,995,18.93490140846,11.40620070423
1279,-9.46745070423,9.46745070423,-9.46745070423,1.93875,2202,18.93490140846,11.40620070423
1281,-10.584011994,3.365,-10.584011994,1.237,1095,13.949011994000001,11.821011994000001
1283,-20.2546015625,20.2546015625,-20.2546015625,20.2546015625,2481,40.509203125,40.509203125
1285,-10.584011994,10.584011994,-10.584011994,3.365,1950,21.168023988,13.949011994000001
1286,-9.46745070423,9.46745070423,-9.46745070423,1.93875,2100,18.93490140846,11.40620070423
1293,-10.584011994,9.35400268233,-8.35391593075,3.365,282,19.93801467633,11.71891593075
1295,-16.3603125,16.3603125,-16.3603125,16.3603125,1822,32.720625,32.720625
1297,-9.46745070423,9.46745070423,-9.46745070423,1.93875,686,18.93490140846,11.40620070423
1298,-10.584011994,10.584011994,-10.584011994,3.365,1583,21.168023988,13.949011994000001
1300,-10.584011994,10.584011994,-10.584011994,3.365,2079,21.168023988,13.949011994000001
1301,-10.4752535211,10.4752535211,-10.4752535211,3.25775,2255,20.9505070422,13.7330035211
1303,-9.46745070423,9.46745070423,-9.46745070423,1.93875,2302,18.93490140846,11.40620070423
1304,-12.2901244378,12.2901244378,-11.8610998933,3.75282666667,269,24.5802488756,15.61392655997
1315,-9.46745070423,9.46745070423,-9.46745070423,1.93875,1117,18.93490140846,11.40620070423
1316,-7.8770472723,10.584011994,-10.5232965269,2.96856476206,347,18.4610592663,13.49186128896
1319,-10.584011994,10.584011994,-10.584011994,3.365,2164,21.168023988,13.949011994000001
1320,-12.3584565217,12.3584565217,-12.3584565217,3.82151690821,277,24.7169130434,16.17997342991
1323,-10.585011994,10.585011994,-10.585011994,3.36410666667,2057,21.170023988,13.94911866067
1326,-10.584011994,10.584011994,-10.584011994,3.365,2571,21.168023988,13.949011994000001
1327,-10.584011994,10.584011994,-10.584011994,3.365,2991,21.168023988,13.949011994000001
1328,-10.584011994,10.584011994,-10.584011994,3.365,1913,21.168023988,13.949011994000001
1329,-9.46745070423,9.46745070423,-9.46745070423,1.93875,2021,18.93490140846,11.40620070423
1330,-10.584011994,10.584011994,-10.584011994,3.365,2078,21.168023988,13.949011994000001
1331,-9.46745070423,9.46745070423,-9.46745070423,1.93875,1557,18.93490140846,11.40620070423
1333,-9.46645070423,9.46645070423,-9.46645070423,1.93875,822,18.93290140846,11.405200704230001
1340,-9.46745070423,9.46745070423,-9.46745070423,1.93875,1013,18.93490140846,11.40620070423
1347,-12.3594565217,12.3594565217,-12.3594565217,3.82151690821,2077,24.7189130434,16.18097342991
1348,-9.46745070423,9.46745070423,-9.46745070423,1.93875,1863,18.93490140846,11.40620070423
1349,-9.46745070423,9.46745070423,-9.46745070423,1.93875,1601,18.93490140846,11.40620070423
1351,-9.46745070423,9.46745070423,-9.46745070423,1.93875,1129,18.93490140846,11.40620070423
1352,-16.3603125,16.3603125,-16.3603125,16.3603125,1922,32.720625,32.720625
1353,-12.3584565217,12.3584565217,-12.3584565217,3.82151690821,2303,24.7169130434,16.17997342991
1354,-12.3584565217,3.82151690821,-12.3584565217,1.69351690821,1225,16.17997342991,14.051973429910001
1356,-9.46745070423,9.46745070423,-9.46745070423,1.93875,1242,18.93490140846,11.40620070423
1357,-12.3584565217,12.3584565217,-12.3584565217,3.82151690821,1791,24.7169130434,16.17997342991
1358,-9.46645070423,9.46645070423,-9.46645070423,1.93875,1021,18.93290140846,11.405200704230001
1360,-9.46745070423,9.46745070423,-9.46745070423,1.93875,1436,18.93490140846,11.40620070423
1361,-10.584011994,7.0009015944,-9.76749181824,2.67125263152,289,17.5849135884,12.43874444976
1362,-10.584011994,10.584011994,-10.584011994,3.365,1408,21.168023988,13.949011994000001
1368,-9.46745070423,9.46745070423,-9.46745070423,1.93875,2162,18.93490140846,11.40620070423
1370,-12.3584565217,12.3584565217,-12.3584565217,3.82151690821,1799,24.7169130434,16.17997342991
1373,-16.3603125,16.3603125,-16.3603125,16.3603125,2046,32.720625,32.720625
1375,-9.46745070423,9.46745070423,-9.46745070423,1.93875,1873,18.93490140846,11.40620070423
1376,-10.585011994,10.585011994,-10.585011994,3.36410666667,2285,21.170023988,13.94911866067
1377,-12.2911244378,12.2911244378,-12.2911244378,3.75282666667,2288,24.5822488756,16.04395110447
1379,-10.585011994,10.585011994,-10.585011994,3.36410666667,2579,21.170023988,13.94911866067
1380,-10.584011994,10.584011994,-10.584011994,3.365,1977,21.168023988,13.949011994000001
1382,-10.584011994,3.365,-10.584011994,1.237,1302,13.949011994000001,11.821011994000001
1383,-20.086171875,20.086171875,-20.086171875,20.086171875,460,40.17234375,40.17234375
1384,-20.2546015625,20.2546015625,-20.2546015625,20.2546015625,3529,40.509203125,40.509203125
1386,-9.46645070423,9.46645070423,-9.46645070423,1.93875,1240,18.93290140846,11.405200704230001
1387,-9.46745070423,9.46745070423,-9.46745070423,1.93875,2001,18.93490140846,11.40620070423
1388,-10.584011994,10.584011994,-10.584011994,3.365,2851,21.168023988,13.949011994000001
1389,-9.46745070423,9.46745070423,-9.46745070423,1.93875,727,18.93490140846,11.40620070423
1390,-20.2546015625,20.2546015625,-20.2546015625,20.2546015625,2824,40.509203125,40.509203125
1391,-9.46745070423,9.46745070423,-9.46745070423,1.93875,2128,18.93490140846,11.40620070423
1393,-1.93875,1.93875,-9.46745070423,-2.47250215606,95,3.8775,6.99494854817
1396,-9.46745070423,9.46745070423,-9.46745070423,1.93875,809,18.93490140846,11.40620070423
1400,-9.46745070423,9.46745070423,-9.46745070423,1.93875,982,18.93490140846,11.40620070423
1404,-9.46745070423,9.46745070423,-9.46745070423,1.93875,1661,18.93490140846,11.40620070423
1405,-9.46745070423,9.46745070423,-8.06571359491,1.93875,209,18.93490140846,10.00446359491
1406,-1.93875,1.93875,-9.46745070423,-1.70154929577,431,3.8775,7.7659014084599995
1414,-8.80942609501,9.46745070423,-9.16619852442,1.63432414765,269,18.27687679924,10.80052267207
1415,-9.46745070423,9.46745070423,-9.46745070423,1.93875,1956,18.93490140846,11.40620070423
1420,-9.46745070423,9.46745070423,-9.46745070423,1.93875,1116,18.93490140846,11.40620070423
1421,-7.97896230986,9.46645070423,-9.46645070423,1.77844348688,152,17.44541301409,11.244894191110001
1423,-9.46645070423,9.46645070423,-9.46645070423,1.93875,1057,18.93290140846,11.405200704230001
1424,-5.5845,9.13991505678,-9.46745070423,1.93875,252,14.72441505678,11.40620070423
1425,-9.46745070423,9.46745070423,-9.46745070423,1.93875,1386,18.93490140846,11.40620070423
1428,-9.46645070423,9.46645070423,-9.46645070423,1.93875,1140,18.93290140846,11.405200704230001
1430,-10.584011994,10.584011994,-10.584011994,3.365,2028,21.168023988,13.949011994000001
1431,-1.93875,1.93875,-9.46645070423,-1.70054929577,306,3.8775,7.76590140846
1434,-10.584011994,10.584011994,-10.584011994,3.365,1273,21.168023988,13.949011994000001
1435,-9.46745070423,9.46745070423,-9.46745070423,1.93875,1999,18.93490140846,11.40620070423
1438,-12.2901244378,12.2901244378,-12.2901244378,3.75282666667,2228,24.5802488756,16.04295110447
1440,-7.842,7.842,-7.842,2.872,246,15.684,10.713999999999999
1445,-10.3811877793,6.19132073461,-7.72816090233,3.365,355,16.572508513909998,11.09316090233
1446,-1.237,3.365,-10.584011994,-1.426988006,630,4.602,9.157023988
1448,-10.4752535211,10.4752535211,-10.4752535211,3.25775,2325,20.9505070422,13.7330035211
1451,-10.584011994,10.584011994,-10.584011994,3.365,2638,21.168023988,13.949011994000001
1454,-9.46745070423,9.46745070423,-9.46745070423,1.93875,1374,18.93490140846,11.40620070423
1456,-9.46745070423,9.46745070423,-9.46745070423,1.93875,2387,18.93490140846,11.40620070423
