subject_id,x_span,y_span,n_frames,matched_device,matched_orientation,match_distance,screen_center_x_cm,screen_center_y_cm,is_ipad,is_portrait
6.0,18.93490140846,10.08678053456,105.0,iPad Mini,landscape,3.4782776949667227,8.93,-0.005000000000000426,True,False
10.0,40.509203125,40.509203125,1827.0,iPad Pro,portrait,25.27789185276374,-0.0004999999999995453,-14.176499999999999,True,True
28.0,36.5232714833,27.14002864583,988.0,iPad Pro,landscape,12.73563231483077,14.176499999999999,-0.0004999999999995453,True,False
33.0,13.949011994,11.821011994,968.0,iPad Mini,landscape,2.192866277283616,8.93,-0.005000000000000426,True,False
34.0,18.93490140846,11.40620070423,712.0,iPad Mini,landscape,2.9064678494535685,8.93,-0.005000000000000426,True,False
97.0,4.602,9.157023988,371.0,iPhone 5s,portrait,0.580132451896482,0.0,-5.5845,False,True
98.0,18.93490140846,11.40620070423,724.0,iPad Mini,landscape,2.9064678494535685,8.93,-0.005000000000000426,True,False
99.0,21.168023988,13.949011994,1451.0,iPad Air,landscape,1.657892439074167,10.895,0.009999999999999431,True,False
102.0,18.93490140846,11.40620070423,699.0,iPad Mini,landscape,2.9064678494535685,8.93,-0.005000000000000426,True,False
103.0,3.8775,7.765901408459999,162.0,iPhone 4s,portrait,1.1486250227224075,1.0,-4.7219999999999995,False,True
104.0,21.168023988,13.949011994,1483.0,iPad Air,landscape,1.657892439074167,10.895,0.009999999999999431,True,False
110.0,18.93490140846,11.40620070423,736.0,iPad Mini,landscape,2.9064678494535685,8.93,-0.005000000000000426,True,False
114.0,18.93290140846,11.40520070423,839.0,iPad Mini,landscape,2.904780258963655,8.93,-0.005000000000000426,True,False
120.0,24.7169130434,16.17997342991,1331.0,iPad Pro,landscape,3.7896979445870875,14.176499999999999,-0.0004999999999995453,True,False
121.0,21.168023988,13.949011994,1362.0,iPad Air,landscape,1.657892439074167,10.895,0.009999999999999431,True,False
122.0,24.7169130434,16.17997342991,1263.0,iPad Pro,landscape,3.7896979445870875,14.176499999999999,-0.0004999999999995453,True,False
123.0,18.93490140846,11.40620070423,1356.0,iPad Mini,landscape,2.9064678494535685,8.93,-0.005000000000000426,True,False
126.0,21.168023988,13.949011994,1238.0,iPad Air,landscape,1.657892439074167,10.895,0.009999999999999431,True,False
127.0,16.17997342991,14.05197342991,557.0,iPad Mini,landscape,1.9229089103686583,8.93,-0.005000000000000426,True,False
128.0,24.7169130434,16.17997342991,1098.0,iPad Pro,landscape,3.7896979445870875,14.176499999999999,-0.0004999999999995453,True,False
130.0,21.168023988,13.949011994,1325.0,iPad Air,landscape,1.657892439074167,10.895,0.009999999999999431,True,False
132.0,18.93490140846,11.40620070423,694.0,iPad Mini,landscape,2.9064678494535685,8.93,-0.005000000000000426,True,False
135.0,40.509203125,40.509203125,1710.0,iPad Pro,portrait,25.27789185276374,-0.0004999999999995453,-14.176499999999999,True,True
137.0,24.7169130434,16.17997342991,1433.0,iPad Pro,landscape,3.7896979445870875,14.176499999999999,-0.0004999999999995453,True,False
138.0,40.509203125,40.509203125,1562.0,iPad Pro,portrait,25.27789185276374,-0.0004999999999995453,-14.176499999999999,True,True
139.0,18.93490140846,11.40620070423,1448.0,iPad Mini,landscape,2.9064678494535685,8.93,-0.005000000000000426,True,False
140.0,18.93290140846,11.40520070423,567.0,iPad Mini,landscape,2.904780258963655,8.93,-0.005000000000000426,True,False
141.0,18.93490140846,11.40620070423,1485.0,iPad Mini,landscape,2.9064678494535685,8.93,-0.005000000000000426,True,False
142.0,18.93490140846,11.40620070423,1394.0,iPad Mini,landscape,2.9064678494535685,8.93,-0.005000000000000426,True,False
143.0,18.93290140846,11.40520070423,706.0,iPad Mini,landscape,2.904780258963655,8.93,-0.005000000000000426,True,False
144.0,18.93490140846,11.40620070423,685.0,iPad Mini,landscape,2.9064678494535685,8.93,-0.005000000000000426,True,False
145.0,21.168023988,13.949011994,1292.0,iPad Air,landscape,1.657892439074167,10.895,0.009999999999999431,True,False
146.0,18.93290140846,11.40520070423,677.0,iPad Mini,landscape,2.904780258963655,8.93,-0.005000000000000426,True,False
148.0,18.93290140846,11.40520070423,799.0,iPad Mini,landscape,2.904780258963655,8.93,-0.005000000000000426,True,False
149.0,21.168023988,13.949011994,1428.0,iPad Air,landscape,1.657892439074167,10.895,0.009999999999999431,True,False
150.0,21.168023988,13.949011994,1347.0,iPad Air,landscape,1.657892439074167,10.895,0.009999999999999431,True,False
153.0,21.168023988,13.949011994,1349.0,iPad Air,landscape,1.657892439074167,10.895,0.009999999999999431,True,False
154.0,18.93490140846,11.40620070423,1344.0,iPad Mini,landscape,2.9064678494535685,8.93,-0.005000000000000426,True,False
156.0,21.168023988,13.949011994,1319.0,iPad Air,landscape,1.657892439074167,10.895,0.009999999999999431,True,False
162.0,18.93490140846,11.40620070423,761.0,iPad Mini,landscape,2.9064678494535685,8.93,-0.005000000000000426,True,False
164.0,21.168023988,13.949011994,1384.0,iPad Air,landscape,1.657892439074167,10.895,0.009999999999999431,True,False
165.0,18.93490140846,11.40620070423,660.0,iPad Mini,landscape,2.9064678494535685,8.93,-0.005000000000000426,True,False
173.0,18.93290140846,11.40520070423,678.0,iPad Mini,landscape,2.904780258963655,8.93,-0.005000000000000426,True,False
178.0,18.93490140846,11.40620070423,708.0,iPad Mini,landscape,2.9064678494535685,8.93,-0.005000000000000426,True,False
179.0,18.93490140846,11.40620070423,1429.0,iPad Mini,landscape,2.9064678494535685,8.93,-0.005000000000000426,True,False
190.0,18.93290140846,11.40520070423,544.0,iPad Mini,landscape,2.904780258963655,8.93,-0.005000000000000426,True,False
191.0,18.93490140846,11.40620070423,738.0,iPad Mini,landscape,2.9064678494535685,8.93,-0.005000000000000426,True,False
192.0,18.93490140846,11.40620070423,1475.0,iPad Mini,landscape,2.9064678494535685,8.93,-0.005000000000000426,True,False
194.0,21.168023988,13.949011994,1462.0,iPad Air,landscape,1.657892439074167,10.895,0.009999999999999431,True,False
200.0,4.602,9.157023988,401.0,iPhone 5s,portrait,0.580132451896482,0.0,-5.5845,False,True
202.0,24.5802488756,16.04295110447,1340.0,iPad Pro,landscape,3.970225314660734,14.176499999999999,-0.0004999999999995453,True,False
208.0,13.76985416666,18.724203125,392.0,iPad Air,portrait,1.5672218918760448,0.009999999999999431,-10.895,True,True
209.0,21.168023988,13.949011994,1472.0,iPad Air,landscape,1.657892439074167,10.895,0.009999999999999431,True,False
210.0,32.720625,32.720625,1179.0,iPad Pro,portrait,14.590303690507952,-0.0004999999999995453,-14.176499999999999,True,True
211.0,24.7169130434,16.17997342991,1124.0,iPad Pro,landscape,3.7896979445870875,14.176499999999999,-0.0004999999999995453,True,False
212.0,18.93290140846,11.40520070423,753.0,iPad Mini,landscape,2.904780258963655,8.93,-0.005000000000000426,True,False
213.0,18.93490140846,11.40620070423,1347.0,iPad Mini,landscape,2.9064678494535685,8.93,-0.005000000000000426,True,False
214.0,18.93290140846,11.40520070423,479.0,iPad Mini,landscape,2.904780258963655,8.93,-0.005000000000000426,True,False
218.0,18.93290140846,11.40520070423,560.0,iPad Mini,landscape,2.904780258963655,8.93,-0.005000000000000426,True,False
220.0,18.93290140846,11.40520070423,701.0,iPad Mini,landscape,2.904780258963655,8.93,-0.005000000000000426,True,False
221.0,24.7169130434,16.17997342991,1526.0,iPad Pro,landscape,3.7896979445870875,14.176499999999999,-0.0004999999999995453,True,False
222.0,21.168023988,13.949011994,1330.0,iPad Air,landscape,1.657892439074167,10.895,0.009999999999999431,True,False
224.0,18.93290140846,11.40520070423,687.0,iPad Mini,landscape,2.904780258963655,8.93,-0.005000000000000426,True,False
225.0,20.9505070422,13.7330035211,1308.0,iPad Air,landscape,1.6317588961218494,10.895,0.009999999999999431,True,False
226.0,18.93290140846,11.40520070423,685.0,iPad Mini,landscape,2.904780258963655,8.93,-0.005000000000000426,True,False
227.0,21.168023988,13.949011994,1364.0,iPad Air,landscape,1.657892439074167,10.895,0.009999999999999431,True,False
228.0,18.93490140846,11.40620070423,1345.0,iPad Mini,landscape,2.9064678494535685,8.93,-0.005000000000000426,True,False
232.0,18.93290140846,11.40520070423,603.0,iPad Mini,landscape,2.904780258963655,8.93,-0.005000000000000426,True,False
233.0,18.93490140846,11.40620070423,908.0,iPad Mini,landscape,2.9064678494535685,8.93,-0.005000000000000426,True,False
234.0,3.8775,7.765901408459999,252.0,iPhone 4s,portrait,1.1486250227224075,1.0,-4.7219999999999995,False,True
236.0,21.168023988,13.949011994,1497.0,iPad Air,landscape,1.657892439074167,10.895,0.009999999999999431,True,False
237.0,21.168023988,13.949011994,1350.0,iPad Air,landscape,1.657892439074167,10.895,0.009999999999999431,True,False
238.0,18.93490140846,11.40620070423,646.0,iPad Mini,landscape,2.9064678494535685,8.93,-0.005000000000000426,True,False
239.0,21.168023988,13.949011994,2428.0,iPad Air,landscape,1.657892439074167,10.895,0.009999999999999431,True,False
240.0,18.57098216897,11.40620070423,1629.0,iPad Mini,landscape,2.5556210621228748,8.93,-0.005000000000000426,True,False
241.0,40.17234375,39.1321156201,652.0,iPad Pro,landscape,23.95687350317162,14.176499999999999,-0.0004999999999995453,True,False
243.0,22.03596978662,15.68650198162,101.0,iPad Air 2,landscape,1.753585545434838,10.892500000000002,-0.0004999999999995453,True,False
245.0,5.51503381642,10.83291304344,284.0,iPhone 6s,portrait,0.5428102656739959,1.0635000000000001,-6.0065,False,True
247.0,24.7169130434,16.17997342991,2169.0,iPad Pro,landscape,3.7896979445870875,14.176499999999999,-0.0004999999999995453,True,False
249.0,18.93490140846,11.40620070423,1441.0,iPad Mini,landscape,2.9064678494535685,8.93,-0.005000000000000426,True,False
267.0,21.168023988,13.949011994,1439.0,iPad Air,landscape,1.657892439074167,10.895,0.009999999999999431,True,False
268.0,21.168023988,13.949011994,2406.0,iPad Air,landscape,1.657892439074167,10.895,0.009999999999999431,True,False
269.0,18.93490140846,11.40620070423,2372.0,iPad Mini,landscape,2.9064678494535685,8.93,-0.005000000000000426,True,False
273.0,18.93490140846,11.40620070423,2158.0,iPad Mini,landscape,2.9064678494535685,8.93,-0.005000000000000426,True,False
274.0,24.7169130434,16.17997342991,1761.0,iPad Pro,landscape,3.7896979445870875,14.176499999999999,-0.0004999999999995453,True,False
285.0,18.93490140846,11.40620070423,2101.0,iPad Mini,landscape,2.9064678494535685,8.93,-0.005000000000000426,True,False
288.0,21.168023988,13.949011994,2323.0,iPad Air,landscape,1.657892439074167,10.895,0.009999999999999431,True,False
296.0,5.51503381642,10.83291304344,472.0,iPhone 6s,portrait,0.5428102656739959,1.0635000000000001,-6.0065,False,True
299.0,21.168023988,13.949011994,2455.0,iPad Air,landscape,1.657892439074167,10.895,0.009999999999999431,True,False
300.0,18.93290140846,11.40520070423,1327.0,iPad Mini,landscape,2.904780258963655,8.93,-0.005000000000000426,True,False
304.0,18.93490140846,11.40620070423,1218.0,iPad Mini,landscape,2.9064678494535685,8.93,-0.005000000000000426,True,False
305.0,18.93490140846,11.40620070423,2308.0,iPad Mini,landscape,2.9064678494535685,8.93,-0.005000000000000426,True,False
309.0,18.93490140846,11.40620070423,2295.0,iPad Mini,landscape,2.9064678494535685,8.93,-0.005000000000000426,True,False
310.0,3.8775,7.765901408459999,493.0,iPhone 4s,portrait,1.1486250227224075,1.0,-4.7219999999999995,False,True
312.0,18.93290140846,11.40520070423,1194.0,iPad Mini,landscape,2.904780258963655,8.93,-0.005000000000000426,True,False
317.0,40.509203125,36.8775544141,102.0,iPad Pro,landscape,22.377086246257036,14.176499999999999,-0.0004999999999995453,True,False
319.0,24.7169130434,16.17997342991,2715.0,iPad Pro,landscape,3.7896979445870875,14.176499999999999,-0.0004999999999995453,True,False
324.0,18.93490140846,11.40620070423,2205.0,iPad Mini,landscape,2.9064678494535685,8.93,-0.005000000000000426,True,False
325.0,40.509203125,40.509203125,2049.0,iPad Pro,portrait,25.27789185276374,-0.0004999999999995453,-14.176499999999999,True,True
326.0,40.509203125,40.509203125,2869.0,iPad Pro,portrait,25.27789185276374,-0.0004999999999995453,-14.176499999999999,True,True
330.0,18.93290140846,11.40520070423,1241.0,iPad Mini,landscape,2.904780258963655,8.93,-0.005000000000000426,True,False
331.0,11.40520070423,11.40520070423,513.0,iPhone 6s Plus,portrait,4.630150695267009,1.064,-6.9430000000000005,False,True
332.0,15.684,10.714,518.0,iPad Mini,landscape,1.4816045356302048,8.93,-0.005000000000000426,True,False
342.0,3.8775,7.765901408459999,303.0,iPhone 4s,portrait,1.1486250227224075,1.0,-4.7219999999999995,False,True
343.0,18.93490140846,11.40620070423,1232.0,iPad Mini,landscape,2.9064678494535685,8.93,-0.005000000000000426,True,False
351.0,21.168023988,13.949011994,2531.0,iPad Air,landscape,1.657892439074167,10.895,0.009999999999999431,True,False
355.0,15.684,10.714,568.0,iPad Mini,landscape,1.4816045356302048,8.93,-0.005000000000000426,True,False
356.0,18.93490140846,11.40620070423,2215.0,iPad Mini,landscape,2.9064678494535685,8.93,-0.005000000000000426,True,False
357.0,18.93490140846,11.40620070423,2037.0,iPad Mini,landscape,2.9064678494535685,8.93,-0.005000000000000426,True,False
358.0,40.509203125,40.509203125,3312.0,iPad Pro,portrait,25.27789185276374,-0.0004999999999995453,-14.176499999999999,True,True
359.0,18.93290140846,11.40520070423,1423.0,iPad Mini,landscape,2.904780258963655,8.93,-0.005000000000000426,True,False
363.0,18.93490140846,11.40620070423,2225.0,iPad Mini,landscape,2.9064678494535685,8.93,-0.005000000000000426,True,False
376.0,18.93490140846,11.40620070423,1787.0,iPad Mini,landscape,2.9064678494535685,8.93,-0.005000000000000426,True,False
377.0,21.168023988,13.949011994,2321.0,iPad Air,landscape,1.657892439074167,10.895,0.009999999999999431,True,False
382.0,24.5802488756,16.04295110447,2722.0,iPad Pro,landscape,3.970225314660734,14.176499999999999,-0.0004999999999995453,True,False
459.0,4.602,9.157023988,637.0,iPhone 5s,portrait,0.580132451896482,0.0,-5.5845,False,True
460.0,15.684,10.714,311.0,iPad Mini,landscape,1.4816045356302048,8.93,-0.005000000000000426,True,False
465.0,15.684,10.714,303.0,iPad Mini,landscape,1.4816045356302048,8.93,-0.005000000000000426,True,False
466.0,18.88539794662,10.88199545293,343.0,iPad Mini,landscape,3.0339645931812584,8.93,-0.005000000000000426,True,False
467.0,18.93290140846,11.40520070423,110.0,iPad Mini,landscape,2.904780258963655,8.93,-0.005000000000000426,True,False
469.0,18.93290140846,11.40520070423,859.0,iPad Mini,landscape,2.904780258963655,8.93,-0.005000000000000426,True,False
471.0,18.93490140846,11.40620070423,2029.0,iPad Mini,landscape,2.9064678494535685,8.93,-0.005000000000000426,True,False
472.0,20.9525070422,13.7331285211,2051.0,iPad Air,landscape,1.633068090970757,10.895,0.009999999999999431,True,False
473.0,15.684,10.714,428.0,iPad Mini,landscape,1.4816045356302048,8.93,-0.005000000000000426,True,False
475.0,24.0809194832,14.03708138741,322.0,iPad Air 2,landscape,3.998953835045483,10.892500000000002,-0.0004999999999995453,True,False
477.0,18.93490140846,11.40620070423,2353.0,iPad Mini,landscape,2.9064678494535685,8.93,-0.005000000000000426,True,False
480.0,21.168023988,13.949011994,2867.0,iPad Air,landscape,1.657892439074167,10.895,0.009999999999999431,True,False
481.0,21.170023988,13.94911866067,1974.0,iPad Air,landscape,1.659469966411397,10.895,0.009999999999999431,True,False
487.0,18.93490140846,11.40620070423,950.0,iPad Mini,landscape,2.9064678494535685,8.93,-0.005000000000000426,True,False
488.0,24.7169130434,16.17997342991,2031.0,iPad Pro,landscape,3.7896979445870875,14.176499999999999,-0.0004999999999995453,True,False
491.0,20.9505070422,11.49812676056,346.0,iPad Air,landscape,3.587965698069841,10.895,0.009999999999999431,True,False
492.0,15.684,10.714,367.0,iPad Mini,landscape,1.4816045356302048,8.93,-0.005000000000000426,True,False
493.0,21.168023988,13.949011994,2135.0,iPad Air,landscape,1.657892439074167,10.895,0.009999999999999431,True,False
494.0,18.93490140846,11.40620070423,1805.0,iPad Mini,landscape,2.9064678494535685,8.93,-0.005000000000000426,True,False
495.0,21.170023988,13.94911866067,1778.0,iPad Air,landscape,1.659469966411397,10.895,0.009999999999999431,True,False
496.0,18.93490140846,11.40620070423,1238.0,iPad Mini,landscape,2.9064678494535685,8.93,-0.005000000000000426,True,False
499.0,18.93290140846,11.40520070423,947.0,iPad Mini,landscape,2.904780258963655,8.93,-0.005000000000000426,True,False
501.0,18.93290140846,11.40520070423,774.0,iPad Mini,landscape,2.904780258963655,8.93,-0.005000000000000426,True,False
503.0,21.168023988,13.949011994,3010.0,iPad Air,landscape,1.657892439074167,10.895,0.009999999999999431,True,False
505.0,21.168023988,13.949011994,2255.0,iPad Air,landscape,1.657892439074167,10.895,0.009999999999999431,True,False
507.0,20.9505070422,13.7330035211,2604.0,iPad Air,landscape,1.6317588961218494,10.895,0.009999999999999431,True,False
509.0,40.509203125,40.509203125,2417.0,iPad Pro,portrait,25.27789185276374,-0.0004999999999995453,-14.176499999999999,True,True
510.0,18.93490140846,11.40620070423,2181.0,iPad Mini,landscape,2.9064678494535685,8.93,-0.005000000000000426,True,False
511.0,15.684,10.714,408.0,iPad Mini,landscape,1.4816045356302048,8.93,-0.005000000000000426,True,False
512.0,18.93290140846,11.40520070423,663.0,iPad Mini,landscape,2.904780258963655,8.93,-0.005000000000000426,True,False
513.0,21.168023988,13.949011994,2473.0,iPad Air,landscape,1.657892439074167,10.895,0.009999999999999431,True,False
514.0,21.168023988,13.949011994,1737.0,iPad Air,landscape,1.657892439074167,10.895,0.009999999999999431,True,False
518.0,12.81414455282,11.40620070423,255.0,iPad Mini,landscape,3.384163952619141,8.93,-0.005000000000000426,True,False
519.0,18.93490140846,11.40620070423,2462.0,iPad Mini,landscape,2.9064678494535685,8.93,-0.005000000000000426,True,False
520.0,18.93490140846,11.40620070423,1554.0,iPad Mini,landscape,2.9064678494535685,8.93,-0.005000000000000426,True,False
522.0,18.93490140846,11.40620070423,2411.0,iPad Mini,landscape,2.9064678494535685,8.93,-0.005000000000000426,True,False
525.0,18.93490140846,11.40620070423,1190.0,iPad Mini,landscape,2.9064678494535685,8.93,-0.005000000000000426,True,False
531.0,18.93490140846,11.40620070423,1006.0,iPad Mini,landscape,2.9064678494535685,8.93,-0.005000000000000426,True,False
533.0,24.7169130434,16.17997342991,326.0,iPad Pro,landscape,3.7896979445870875,14.176499999999999,-0.0004999999999995453,True,False
534.0,24.7169130434,16.17997342991,2384.0,iPad Pro,landscape,3.7896979445870875,14.176499999999999,-0.0004999999999995453,True,False
535.0,18.93490140846,11.40620070423,2245.0,iPad Mini,landscape,2.9064678494535685,8.93,-0.005000000000000426,True,False
539.0,18.93490140846,11.40620070423,1208.0,iPad Mini,landscape,2.9064678494535685,8.93,-0.005000000000000426,True,False
540.0,21.168023988,13.949011994,2294.0,iPad Air,landscape,1.657892439074167,10.895,0.009999999999999431,True,False
542.0,2.908125,7.765901408459999,156.0,iPhone 4s,portrait,2.102323526113203,1.0,-4.7219999999999995,False,True
544.0,16.99142605634,11.40520070423,140.0,iPad Mini,landscape,1.1334537444540806,8.93,-0.005000000000000426,True,False
545.0,18.93290140846,11.40520070423,1032.0,iPad Mini,landscape,2.904780258963655,8.93,-0.005000000000000426,True,False
546.0,40.509203125,40.509203125,3483.0,iPad Pro,portrait,25.27789185276374,-0.0004999999999995453,-14.176499999999999,True,True
547.0,24.7169130434,16.17997342991,1682.0,iPad Pro,landscape,3.7896979445870875,14.176499999999999,-0.0004999999999995453,True,False
548.0,18.93490140846,11.40620070423,2127.0,iPad Mini,landscape,2.9064678494535685,8.93,-0.005000000000000426,True,False
550.0,24.7169130434,16.17997342991,2072.0,iPad Pro,landscape,3.7896979445870875,14.176499999999999,-0.0004999999999995453,True,False
553.0,13.949011994,11.821011994,839.0,iPad Mini,landscape,2.192866277283616,8.93,-0.005000000000000426,True,False
554.0,13.949011994,11.821011994,1018.0,iPad Mini,landscape,2.192866277283616,8.93,-0.005000000000000426,True,False
555.0,24.7189130434,16.18097342991,2233.0,iPad Pro,landscape,3.7879890588861276,14.176499999999999,-0.0004999999999995453,True,False
560.0,24.7169130434,16.17997342991,1328.0,iPad Pro,landscape,3.7896979445870875,14.176499999999999,-0.0004999999999995453,True,False
562.0,18.93490140846,11.40620070423,1706.0,iPad Mini,landscape,2.9064678494535685,8.93,-0.005000000000000426,True,False
563.0,21.168023988,13.949011994,2710.0,iPad Air,landscape,1.657892439074167,10.895,0.009999999999999431,True,False
565.0,24.7169130434,16.17997342991,1770.0,iPad Pro,landscape,3.7896979445870875,14.176499999999999,-0.0004999999999995453,True,False
566.0,21.168023988,13.949011994,2041.0,iPad Air,landscape,1.657892439074167,10.895,0.009999999999999431,True,False
569.0,21.168023988,13.949011994,1439.0,iPad Air,landscape,1.657892439074167,10.895,0.009999999999999431,True,False
572.0,18.93290140846,11.40520070423,866.0,iPad Mini,landscape,2.904780258963655,8.93,-0.005000000000000426,True,False
574.0,21.168023988,13.949011994,2471.0,iPad Air,landscape,1.657892439074167,10.895,0.009999999999999431,True,False
575.0,18.93490140846,11.40620070423,1245.0,iPad Mini,landscape,2.9064678494535685,8.93,-0.005000000000000426,True,False
578.0,26.3622972227,32.720625,102.0,iPad Pro,portrait,9.33972917742221,-0.0004999999999995453,-14.176499999999999,True,True
580.0,21.168023988,13.949011994,2607.0,iPad Air,landscape,1.657892439074167,10.895,0.009999999999999431,True,False
581.0,21.168023988,13.949011994,1759.0,iPad Air,landscape,1.657892439074167,10.895,0.009999999999999431,True,False
584.0,16.99342605634,8.410816145070001,169.0,iPad Mini,landscape,3.820366686937997,8.93,-0.005000000000000426,True,False
585.0,18.93490140846,11.40620070423,1019.0,iPad Mini,landscape,2.9064678494535685,8.93,-0.005000000000000426,True,False
588.0,4.602,9.157023988,727.0,iPhone 5s,portrait,0.580132451896482,0.0,-5.5845,False,True
590.0,21.170023988,12.85265379411,277.0,iPad Air,landscape,2.457903931138809,10.895,0.009999999999999431,True,False
599.0,17.98956540641,11.40620070423,317.0,iPad Mini,landscape,2.0047843348854633,8.93,-0.005000000000000426,True,False
600.0,18.93490140846,11.40620070423,2189.0,iPad Mini,landscape,2.9064678494535685,8.93,-0.005000000000000426,True,False
601.0,21.170023988,13.94911866067,2284.0,iPad Air,landscape,1.659469966411397,10.895,0.009999999999999431,True,False
602.0,18.93490140846,11.40620070423,2472.0,iPad Mini,landscape,2.9064678494535685,8.93,-0.005000000000000426,True,False
605.0,18.93490140846,11.40620070423,2001.0,iPad Mini,landscape,2.9064678494535685,8.93,-0.005000000000000426,True,False
606.0,20.29985191927,13.949011994,1420.0,iPad Air,landscape,1.0697350561556647,10.895,0.009999999999999431,True,False
607.0,21.168023988,13.949011994,1927.0,iPad Air,landscape,1.657892439074167,10.895,0.009999999999999431,True,False
610.0,18.93490140846,11.40620070423,2368.0,iPad Mini,landscape,2.9064678494535685,8.93,-0.005000000000000426,True,False
611.0,21.168023988,13.949011994,1962.0,iPad Air,landscape,1.657892439074167,10.895,0.009999999999999431,True,False
613.0,36.1857555218,40.509203125,361.0,iPad Pro,portrait,21.84929719771369,-0.0004999999999995453,-14.176499999999999,True,True
616.0,21.168023988,13.949011994,2581.0,iPad Air,landscape,1.657892439074167,10.895,0.009999999999999431,True,False
617.0,18.82470775515,11.40620070423,215.0,iPad Mini,landscape,2.7998802583906546,8.93,-0.005000000000000426,True,False
618.0,18.93490140846,11.40620070423,1187.0,iPad Mini,landscape,2.9064678494535685,8.93,-0.005000000000000426,True,False
619.0,40.509203125,40.509203125,1882.0,iPad Pro,portrait,25.27789185276374,-0.0004999999999995453,-14.176499999999999,True,True
621.0,18.93290140846,11.40520070423,118.0,iPad Mini,landscape,2.904780258963655,8.93,-0.005000000000000426,True,False
622.0,18.93290140846,11.40520070423,883.0,iPad Mini,landscape,2.904780258963655,8.93,-0.005000000000000426,True,False
623.0,24.7169130434,16.17997342991,2159.0,iPad Pro,landscape,3.7896979445870875,14.176499999999999,-0.0004999999999995453,True,False
624.0,24.7169130434,16.17997342991,1857.0,iPad Pro,landscape,3.7896979445870875,14.176499999999999,-0.0004999999999995453,True,False
626.0,20.9505070422,13.7330035211,1906.0,iPad Air,landscape,1.6317588961218494,10.895,0.009999999999999431,True,False
627.0,18.93490140846,9.2373842381,171.0,iPad Mini,landscape,4.036198196984684,8.93,-0.005000000000000426,True,False
632.0,18.93490140846,9.46472535211,139.0,iPad Mini,landscape,3.8765137543977923,8.93,-0.005000000000000426,True,False
634.0,15.684,10.714,246.0,iPad Mini,landscape,1.4816045356302048,8.93,-0.005000000000000426,True,False
636.0,18.93490140846,11.40620070423,640.0,iPad Mini,landscape,2.9064678494535685,8.93,-0.005000000000000426,True,False
638.0,16.90383178778,13.2769561072,231.0,iPad Mini,landscape,1.3892086176589085,8.93,-0.005000000000000426,True,False
641.0,18.93490140846,11.40620070423,2540.0,iPad Mini,landscape,2.9064678494535685,8.93,-0.005000000000000426,True,False
642.0,18.93490140846,11.40620070423,1381.0,iPad Mini,landscape,2.9064678494535685,8.93,-0.005000000000000426,True,False
643.0,18.878767991,13.8714370826,322.0,iPad Air,landscape,1.3874922448924079,10.895,0.009999999999999431,True,False
644.0,21.168023988,13.949011994,1741.0,iPad Air,landscape,1.657892439074167,10.895,0.009999999999999431,True,False
645.0,24.5802488756,16.04295110447,361.0,iPad Pro,landscape,3.970225314660734,14.176499999999999,-0.0004999999999995453,True,False
646.0,24.5802488756,16.04295110447,2357.0,iPad Pro,landscape,3.970225314660734,14.176499999999999,-0.0004999999999995453,True,False
650.0,21.168023988,13.949011994,2118.0,iPad Air,landscape,1.657892439074167,10.895,0.009999999999999431,True,False
654.0,18.93490140846,11.40620070423,1950.0,iPad Mini,landscape,2.9064678494535685,8.93,-0.005000000000000426,True,False
658.0,19.4662214229,12.26476382608,347.0,iPad Air,landscape,2.6575653147965013,10.895,0.009999999999999431,True,False
661.0,18.93290140846,11.40520070423,913.0,iPad Mini,landscape,2.904780258963655,8.93,-0.005000000000000426,True,False
663.0,11.40520070423,11.40520070423,492.0,iPhone 6s Plus,portrait,4.630150695267009,1.064,-6.9430000000000005,False,True
666.0,40.17234375,40.17234375,564.0,iPad Pro,portrait,24.80972928079483,-0.0004999999999995453,-14.176499999999999,True,True
667.0,21.170023988,13.94911866067,2213.0,iPad Air,landscape,1.659469966411397,10.895,0.009999999999999431,True,False
668.0,18.93490140846,11.40620070423,1992.0,iPad Mini,landscape,2.9064678494535685,8.93,-0.005000000000000426,True,False
669.0,18.93490140846,11.40620070423,2234.0,iPad Mini,landscape,2.9064678494535685,8.93,-0.005000000000000426,True,False
670.0,16.346464761620002,10.88866858923,116.0,iPad Mini,landscape,1.261820097961607,8.93,-0.005000000000000426,True,False
672.0,18.93290140846,11.40520070423,885.0,iPad Mini,landscape,2.904780258963655,8.93,-0.005000000000000426,True,False
676.0,18.93290140846,11.40520070423,944.0,iPad Mini,landscape,2.904780258963655,8.93,-0.005000000000000426,True,False
677.0,24.258906038600003,15.70775244541,304.0,iPad Air 2,landscape,3.962242332203317,10.892500000000002,-0.0004999999999995453,True,False
678.0,24.7169130434,16.17997342991,2119.0,iPad Pro,landscape,3.7896979445870875,14.176499999999999,-0.0004999999999995453,True,False
679.0,21.168023988,13.949011994,2850.0,iPad Air,landscape,1.657892439074167,10.895,0.009999999999999431,True,False
680.0,18.93490140846,11.40620070423,1236.0,iPad Mini,landscape,2.9064678494535685,8.93,-0.005000000000000426,True,False
682.0,21.170023988,13.94911866067,1909.0,iPad Air,landscape,1.659469966411397,10.895,0.009999999999999431,True,False
683.0,24.7189130434,16.18097342991,1787.0,iPad Pro,landscape,3.7879890588861276,14.176499999999999,-0.0004999999999995453,True,False
686.0,18.93290140846,11.40520070423,1073.0,iPad Mini,landscape,2.904780258963655,8.93,-0.005000000000000426,True,False
687.0,10.714,8.553082567999999,171.0,iPhone 6s Plus,landscape,2.2409758020401442,6.9430000000000005,1.064,False,False
688.0,18.93490140846,11.40620070423,1119.0,iPad Mini,landscape,2.9064678494535685,8.93,-0.005000000000000426,True,False
690.0,18.93290140846,11.40520070423,908.0,iPad Mini,landscape,2.904780258963655,8.93,-0.005000000000000426,True,False
691.0,21.168023988,13.949011994,2726.0,iPad Air,landscape,1.657892439074167,10.895,0.009999999999999431,True,False
694.0,11.40620070423,11.40620070423,864.0,iPhone 6s Plus,portrait,4.630975951535324,1.064,-6.9430000000000005,False,True
695.0,15.32256041467,12.570537771133,947.0,iPad Mini,landscape,0.9110342584371404,8.93,-0.005000000000000426,True,False
699.0,22.6565559267,14.801214975810002,198.0,iPad Air 2,landscape,2.413770407281666,10.892500000000002,-0.0004999999999995453,True,False
700.0,21.168023988,13.949011994,2017.0,iPad Air,landscape,1.657892439074167,10.895,0.009999999999999431,True,False
704.0,24.5802488756,16.04295110447,2043.0,iPad Pro,landscape,3.970225314660734,14.176499999999999,-0.0004999999999995453,True,False
706.0,24.7169130434,16.17997342991,2102.0,iPad Pro,landscape,3.7896979445870875,14.176499999999999,-0.0004999999999995453,True,False
707.0,16.99342605634,9.55415588992,215.0,iPad Mini,landscape,2.7198981516460257,8.93,-0.005000000000000426,True,False
710.0,18.93490140846,11.40620070423,1315.0,iPad Mini,landscape,2.9064678494535685,8.93,-0.005000000000000426,True,False
711.0,15.95988210831,10.87735087693,342.0,iPad Mini,landscape,1.2628410686888853,8.93,-0.005000000000000426,True,False
712.0,21.168023988,13.949011994,2036.0,iPad Air,landscape,1.657892439074167,10.895,0.009999999999999431,True,False
714.0,18.93490140846,11.40620070423,1738.0,iPad Mini,landscape,2.9064678494535685,8.93,-0.005000000000000426,True,False
716.0,24.7169130434,16.07513436771,281.0,iPad Pro,landscape,3.886218838713745,14.176499999999999,-0.0004999999999995453,True,False
718.0,32.720625,32.720625,1935.0,iPad Pro,portrait,14.590303690507952,-0.0004999999999995453,-14.176499999999999,True,True
719.0,18.93490140846,11.40620070423,2307.0,iPad Mini,landscape,2.9064678494535685,8.93,-0.005000000000000426,True,False
721.0,18.93290140846,11.40520070423,1005.0,iPad Mini,landscape,2.904780258963655,8.93,-0.005000000000000426,True,False
722.0,24.7169130434,16.17997342991,1746.0,iPad Pro,landscape,3.7896979445870875,14.176499999999999,-0.0004999999999995453,True,False
728.0,17.87333327817,11.40520070423,133.0,iPad Mini,landscape,1.8972378879537115,8.93,-0.005000000000000426,True,False
729.0,13.949011994,11.821011994,1209.0,iPad Mini,landscape,2.192866277283616,8.93,-0.005000000000000426,True,False
730.0,18.93290140846,11.40520070423,1009.0,iPad Mini,landscape,2.904780258963655,8.93,-0.005000000000000426,True,False
731.0,18.93490140846,11.40620070423,311.0,iPad Mini,landscape,2.9064678494535685,8.93,-0.005000000000000426,True,False
732.0,18.93490140846,11.40620070423,2259.0,iPad Mini,landscape,2.9064678494535685,8.93,-0.005000000000000426,True,False
733.0,18.30730242746,13.7330035211,392.0,iPad Air,landscape,1.902624707156563,10.895,0.009999999999999431,True,False
737.0,18.93490140846,11.40620070423,1668.0,iPad Mini,landscape,2.9064678494535685,8.93,-0.005000000000000426,True,False
741.0,32.720625,32.720625,1883.0,iPad Pro,portrait,14.590303690507952,-0.0004999999999995453,-14.176499999999999,True,True
742.0,18.93490140846,11.40620070423,310.0,iPad Mini,landscape,2.9064678494535685,8.93,-0.005000000000000426,True,False
743.0,18.93490140846,11.40620070423,1911.0,iPad Mini,landscape,2.9064678494535685,8.93,-0.005000000000000426,True,False
745.0,24.1968882528,16.04295110447,295.0,iPad Air 2,landscape,3.9435575056093066,10.892500000000002,-0.0004999999999995453,True,False
746.0,24.5802488756,16.04295110447,1824.0,iPad Pro,landscape,3.970225314660734,14.176499999999999,-0.0004999999999995453,True,False
747.0,18.93490140846,11.40620070423,1835.0,iPad Mini,landscape,2.9064678494535685,8.93,-0.005000000000000426,True,False
749.0,15.684,10.714,330.0,iPad Mini,landscape,1.4816045356302048,8.93,-0.005000000000000426,True,False
750.0,21.170023988,13.94911866067,2065.0,iPad Air,landscape,1.659469966411397,10.895,0.009999999999999431,True,False
752.0,18.93490140846,11.40620070423,312.0,iPad Mini,landscape,2.9064678494535685,8.93,-0.005000000000000426,True,False
753.0,24.7169130434,16.17997342991,2003.0,iPad Pro,landscape,3.7896979445870875,14.176499999999999,-0.0004999999999995453,True,False
755.0,13.7330035211,11.6050035211,1180.0,iPad Mini,landscape,2.4440485864929897,8.93,-0.005000000000000426,True,False
756.0,32.3146146033,32.720625,285.0,iPad Pro,portrait,14.228039892039662,-0.0004999999999995453,-14.176499999999999,True,True
757.0,32.720625,32.720625,2110.0,iPad Pro,portrait,14.590303690507952,-0.0004999999999995453,-14.176499999999999,True,True
764.0,18.93290140846,11.40520070423,977.0,iPad Mini,landscape,2.904780258963655,8.93,-0.005000000000000426,True,False
765.0,24.312308918200003,14.34795157064,331.0,iPad Air 2,landscape,4.130024351947921,10.892500000000002,-0.0004999999999995453,True,False
767.0,24.7169130434,16.17997342991,2165.0,iPad Pro,landscape,3.7896979445870875,14.176499999999999,-0.0004999999999995453,True,False
771.0,18.93290140846,11.40520070423,908.0,iPad Mini,landscape,2.904780258963655,8.93,-0.005000000000000426,True,False
772.0,24.7169130434,16.17997342991,2072.0,iPad Pro,landscape,3.7896979445870875,14.176499999999999,-0.0004999999999995453,True,False
773.0,18.93490140846,11.40620070423,980.0,iPad Mini,landscape,2.9064678494535685,8.93,-0.005000000000000426,True,False
774.0,17.40538042888,9.93369606268,122.0,iPad Mini,landscape,2.544789545725751,8.93,-0.005000000000000426,True,False
775.0,18.93490140846,11.40620070423,1790.0,iPad Mini,landscape,2.9064678494535685,8.93,-0.005000000000000426,True,False
776.0,24.7169130434,16.17997342991,1962.0,iPad Pro,landscape,3.7896979445870875,14.176499999999999,-0.0004999999999995453,True,False
777.0,18.93290140846,11.40520070423,990.0,iPad Mini,landscape,2.904780258963655,8.93,-0.005000000000000426,True,False
789.0,21.168023988,13.949011994,2219.0,iPad Air,landscape,1.657892439074167,10.895,0.009999999999999431,True,False
790.0,18.93490140846,11.40620070423,1750.0,iPad Mini,landscape,2.9064678494535685,8.93,-0.005000000000000426,True,False
791.0,32.720625,32.4104544135,268.0,iPad Pro,landscape,14.313341485570012,14.176499999999999,-0.0004999999999995453,True,False
795.0,24.7169130434,16.17997342991,1494.0,iPad Pro,landscape,3.7896979445870875,14.176499999999999,-0.0004999999999995453,True,False
796.0,40.509203125,40.509203125,2723.0,iPad Pro,portrait,25.27789185276374,-0.0004999999999995453,-14.176499999999999,True,True
798.0,20.9505070422,13.7330035211,324.0,iPad Air,landscape,1.6317588961218494,10.895,0.009999999999999431,True,False
801.0,21.78854166667,21.79854166667,266.0,iPad Pro,portrait,4.9021972373066465,-0.0004999999999995453,-14.176499999999999,True,True
802.0,21.170023988,13.94911866067,1933.0,iPad Air,landscape,1.659469966411397,10.895,0.009999999999999431,True,False
803.0,15.684,10.714,302.0,iPad Mini,landscape,1.4816045356302048,8.93,-0.005000000000000426,True,False
804.0,40.509203125,40.509203125,2708.0,iPad Pro,portrait,25.27789185276374,-0.0004999999999995453,-14.176499999999999,True,True
806.0,32.720625,32.720625,1992.0,iPad Pro,portrait,14.590303690507952,-0.0004999999999995453,-14.176499999999999,True,True
807.0,5.51503381642,10.83291304344,157.0,iPhone 6s,portrait,0.5428102656739959,1.0635000000000001,-6.0065,False,True
810.0,18.93290140846,11.40520070423,850.0,iPad Mini,landscape,2.904780258963655,8.93,-0.005000000000000426,True,False
811.0,21.170023988,13.94911866067,2501.0,iPad Air,landscape,1.659469966411397,10.895,0.009999999999999431,True,False
812.0,18.93490140846,11.40620070423,2178.0,iPad Mini,landscape,2.9064678494535685,8.93,-0.005000000000000426,True,False
814.0,18.93490140846,11.40620070423,1636.0,iPad Mini,landscape,2.9064678494535685,8.93,-0.005000000000000426,True,False
818.0,18.93290140846,11.40520070423,994.0,iPad Mini,landscape,2.904780258963655,8.93,-0.005000000000000426,True,False
819.0,18.93490140846,8.94091323086,101.0,iPad Mini,landscape,4.253697727913199,8.93,-0.005000000000000426,True,False
820.0,18.93490140846,11.40620070423,966.0,iPad Mini,landscape,2.9064678494535685,8.93,-0.005000000000000426,True,False
821.0,21.170023988,13.94911866067,2609.0,iPad Air,landscape,1.659469966411397,10.895,0.009999999999999431,True,False
823.0,18.93490140846,11.40620070423,1697.0,iPad Mini,landscape,2.9064678494535685,8.93,-0.005000000000000426,True,False
827.0,32.720625,32.720625,635.0,iPad Pro,portrait,14.590303690507952,-0.0004999999999995453,-14.176499999999999,True,True
831.0,21.168023988,13.949011994,2084.0,iPad Air,landscape,1.657892439074167,10.895,0.009999999999999431,True,False
832.0,17.85071496452,11.10330250965,265.0,iPad Mini,landscape,2.0123324837373335,8.93,-0.005000000000000426,True,False
833.0,18.93490140846,11.40620070423,1692.0,iPad Mini,landscape,2.9064678494535685,8.93,-0.005000000000000426,True,False
835.0,21.170023988,13.94911866067,2656.0,iPad Air,landscape,1.659469966411397,10.895,0.009999999999999431,True,False
837.0,21.168023988,13.949011994,2631.0,iPad Air,landscape,1.657892439074167,10.895,0.009999999999999431,True,False
840.0,21.168023988,13.949011994,2888.0,iPad Air,landscape,1.657892439074167,10.895,0.009999999999999431,True,False
841.0,18.93490140846,11.40620070423,134.0,iPad Mini,landscape,2.9064678494535685,8.93,-0.005000000000000426,True,False
842.0,32.720625,32.720625,650.0,iPad Pro,portrait,14.590303690507952,-0.0004999999999995453,-14.176499999999999,True,True
849.0,19.02980486565,12.9783221022,330.0,iPad Air,landscape,2.074017934000678,10.895,0.009999999999999431,True,False
850.0,40.17234375,40.17234375,598.0,iPad Pro,portrait,24.80972928079483,-0.0004999999999995453,-14.176499999999999,True,True
851.0,18.93490140846,11.40620070423,1801.0,iPad Mini,landscape,2.9064678494535685,8.93,-0.005000000000000426,True,False
852.0,21.168023988,13.949011994,1777.0,iPad Air,landscape,1.657892439074167,10.895,0.009999999999999431,True,False
853.0,32.720625,32.720625,640.0,iPad Pro,portrait,14.590303690507952,-0.0004999999999995453,-14.176499999999999,True,True
855.0,24.7189130434,16.18097342991,1903.0,iPad Pro,landscape,3.7879890588861276,14.176499999999999,-0.0004999999999995453,True,False
859.0,18.93490140846,11.40620070423,2519.0,iPad Mini,landscape,2.9064678494535685,8.93,-0.005000000000000426,True,False
864.0,24.7169130434,16.17997342991,2082.0,iPad Pro,landscape,3.7896979445870875,14.176499999999999,-0.0004999999999995453,True,False
865.0,24.7169130434,16.17997342991,2006.0,iPad Pro,landscape,3.7896979445870875,14.176499999999999,-0.0004999999999995453,True,False
868.0,21.168023988,13.949011994,2307.0,iPad Air,landscape,1.657892439074167,10.895,0.009999999999999431,True,False
869.0,21.168023988,13.949011994,1953.0,iPad Air,landscape,1.657892439074167,10.895,0.009999999999999431,True,False
872.0,20.53303127491,12.75736269588,349.0,iPad Air,landscape,2.2613422654486888,10.895,0.009999999999999431,True,False
873.0,24.7169130434,16.17997342991,266.0,iPad Pro,landscape,3.7896979445870875,14.176499999999999,-0.0004999999999995453,True,False
874.0,24.7169130434,16.17997342991,2056.0,iPad Pro,landscape,3.7896979445870875,14.176499999999999,-0.0004999999999995453,True,False
875.0,18.93290140846,11.40520070423,1088.0,iPad Mini,landscape,2.904780258963655,8.93,-0.005000000000000426,True,False
878.0,18.93490140846,11.40620070423,2419.0,iPad Mini,landscape,2.9064678494535685,8.93,-0.005000000000000426,True,False
881.0,24.5802488756,16.04295110447,1775.0,iPad Pro,landscape,3.970225314660734,14.176499999999999,-0.0004999999999995453,True,False
882.0,18.93490140846,11.40620070423,1496.0,iPad Mini,landscape,2.9064678494535685,8.93,-0.005000000000000426,True,False
886.0,15.684,10.714,192.0,iPad Mini,landscape,1.4816045356302048,8.93,-0.005000000000000426,True,False
888.0,21.168023988,13.949011994,1939.0,iPad Air,landscape,1.657892439074167,10.895,0.009999999999999431,True,False
889.0,19.792546473370003,12.84717881163,352.0,iPad Air,landscape,2.0528953838451303,10.895,0.009999999999999431,True,False
891.0,40.17234375,40.17234375,564.0,iPad Pro,portrait,24.80972928079483,-0.0004999999999995453,-14.176499999999999,True,True
892.0,24.7169130434,16.17997342991,1983.0,iPad Pro,landscape,3.7896979445870875,14.176499999999999,-0.0004999999999995453,True,False
894.0,40.17234375,40.17234375,517.0,iPad Pro,portrait,24.80972928079483,-0.0004999999999995453,-14.176499999999999,True,True
896.0,24.7169130434,16.17997342991,1723.0,iPad Pro,landscape,3.7896979445870875,14.176499999999999,-0.0004999999999995453,True,False
897.0,18.93490140846,11.40620070423,985.0,iPad Mini,landscape,2.9064678494535685,8.93,-0.005000000000000426,True,False
898.0,24.5802488756,16.04295110447,1854.0,iPad Pro,landscape,3.970225314660734,14.176499999999999,-0.0004999999999995453,True,False
899.0,20.9505070422,13.7330035211,1933.0,iPad Air,landscape,1.6317588961218494,10.895,0.009999999999999431,True,False
900.0,21.168023988,13.949011994,2813.0,iPad Air,landscape,1.657892439074167,10.895,0.009999999999999431,True,False
904.0,18.93490140846,11.40620070423,1063.0,iPad Mini,landscape,2.9064678494535685,8.93,-0.005000000000000426,True,False
905.0,18.93490140846,11.40620070423,2097.0,iPad Mini,landscape,2.9064678494535685,8.93,-0.005000000000000426,True,False
907.0,18.93490140846,11.40620070423,2150.0,iPad Mini,landscape,2.9064678494535685,8.93,-0.005000000000000426,True,False
911.0,18.93490140846,11.40620070423,2201.0,iPad Mini,landscape,2.9064678494535685,8.93,-0.005000000000000426,True,False
912.0,24.7169130434,16.17997342991,2116.0,iPad Pro,landscape,3.7896979445870875,14.176499999999999,-0.0004999999999995453,True,False
914.0,20.07452555076,12.4108534439,396.0,iPad Air,landscape,2.5031628682028204,10.895,0.009999999999999431,True,False
915.0,18.93490140846,11.40620070423,1012.0,iPad Mini,landscape,2.9064678494535685,8.93,-0.005000000000000426,True,False
921.0,32.720625,32.720625,2028.0,iPad Pro,portrait,14.590303690507952,-0.0004999999999995453,-14.176499999999999,True,True
923.0,21.168023988,13.949011994,286.0,iPad Air,landscape,1.657892439074167,10.895,0.009999999999999431,True,False
924.0,21.168023988,13.949011994,1995.0,iPad Air,landscape,1.657892439074167,10.895,0.009999999999999431,True,False
926.0,18.93490140846,11.40620070423,842.0,iPad Mini,landscape,2.9064678494535685,8.93,-0.005000000000000426,True,False
927.0,40.509203125,40.509203125,2291.0,iPad Pro,portrait,25.27789185276374,-0.0004999999999995453,-14.176499999999999,True,True
931.0,18.93490140846,11.40620070423,959.0,iPad Mini,landscape,2.9064678494535685,8.93,-0.005000000000000426,True,False
933.0,18.93490140846,11.40620070423,2134.0,iPad Mini,landscape,2.9064678494535685,8.93,-0.005000000000000426,True,False
934.0,32.720625,32.720625,1962.0,iPad Pro,portrait,14.590303690507952,-0.0004999999999995453,-14.176499999999999,True,True
935.0,18.93490140846,11.40620070423,1483.0,iPad Mini,landscape,2.9064678494535685,8.93,-0.005000000000000426,True,False
938.0,19.07493616047,11.146444259430002,409.0,iPad Mini,landscape,3.1143265094176287,8.93,-0.005000000000000426,True,False
944.0,21.168023988,13.949011994,1691.0,iPad Air,landscape,1.657892439074167,10.895,0.009999999999999431,True,False
945.0,21.168023988,13.949011994,2765.0,iPad Air,landscape,1.657892439074167,10.895,0.009999999999999431,True,False
947.0,21.168023988,13.949011994,2171.0,iPad Air,landscape,1.657892439074167,10.895,0.009999999999999431,True,False
948.0,21.168023988,13.949011994,2437.0,iPad Air,landscape,1.657892439074167,10.895,0.009999999999999431,True,False
949.0,21.168023988,13.949011994,2047.0,iPad Air,landscape,1.657892439074167,10.895,0.009999999999999431,True,False
953.0,21.168023988,13.949011994,2862.0,iPad Air,landscape,1.657892439074167,10.895,0.009999999999999431,True,False
956.0,21.117359142300003,13.71967788921,323.0,iPad Air,landscape,1.7613484073786094,10.895,0.009999999999999431,True,False
961.0,20.6529959142,13.949011994,344.0,iPad Air,landscape,1.2708344891895864,10.895,0.009999999999999431,True,False
963.0,4.602,9.157023988,844.0,iPhone 5s,portrait,0.580132451896482,0.0,-5.5845,False,True
965.0,15.684,10.714,253.0,iPad Mini,landscape,1.4816045356302048,8.93,-0.005000000000000426,True,False
968.0,15.684,10.714,299.0,iPad Mini,landscape,1.4816045356302048,8.93,-0.005000000000000426,True,False
969.0,18.93290140846,11.40520070423,966.0,iPad Mini,landscape,2.904780258963655,8.93,-0.005000000000000426,True,False
971.0,21.168023988,13.949011994,1576.0,iPad Air,landscape,1.657892439074167,10.895,0.009999999999999431,True,False
974.0,21.168023988,13.949011994,2264.0,iPad Air,landscape,1.657892439074167,10.895,0.009999999999999431,True,False
980.0,40.509203125,40.509203125,3472.0,iPad Pro,portrait,25.27789185276374,-0.0004999999999995453,-14.176499999999999,True,True
981.0,40.509203125,40.509203125,2744.0,iPad Pro,portrait,25.27789185276374,-0.0004999999999995453,-14.176499999999999,True,True
983.0,18.93290140846,11.40520070423,934.0,iPad Mini,landscape,2.904780258963655,8.93,-0.005000000000000426,True,False
984.0,17.29074585758,11.40520070423,149.0,iPad Mini,landscape,1.3769458530346868,8.93,-0.005000000000000426,True,False
986.0,40.17234375,40.17234375,440.0,iPad Pro,portrait,24.80972928079483,-0.0004999999999995453,-14.176499999999999,True,True
989.0,18.93490140846,9.46472535211,331.0,iPad Mini,landscape,3.8765137543977923,8.93,-0.005000000000000426,True,False
991.0,18.93490140846,11.40620070423,1483.0,iPad Mini,landscape,2.9064678494535685,8.93,-0.005000000000000426,True,False
992.0,18.93290140846,11.40520070423,1155.0,iPad Mini,landscape,2.904780258963655,8.93,-0.005000000000000426,True,False
997.0,3.85740353095,6.96896010712,108.0,iPhone 4s,portrait,1.247682474823466,1.0,-4.7219999999999995,False,True
999.0,21.168023988,13.949011994,2030.0,iPad Air,landscape,1.657892439074167,10.895,0.009999999999999431,True,False
1000.0,18.93290140846,11.40520070423,1127.0,iPad Mini,landscape,2.904780258963655,8.93,-0.005000000000000426,True,False
1002.0,18.93290140846,11.40520070423,847.0,iPad Mini,landscape,2.904780258963655,8.93,-0.005000000000000426,True,False
1003.0,21.168023988,13.949011994,1968.0,iPad Air,landscape,1.657892439074167,10.895,0.009999999999999431,True,False
1009.0,21.168023988,13.949011994,1946.0,iPad Air,landscape,1.657892439074167,10.895,0.009999999999999431,True,False
1010.0,21.168023988,13.949011994,1952.0,iPad Air,landscape,1.657892439074167,10.895,0.009999999999999431,True,False
1012.0,24.7169130434,16.17997342991,284.0,iPad Pro,landscape,3.7896979445870875,14.176499999999999,-0.0004999999999995453,True,False
1015.0,21.168023988,13.949011994,2790.0,iPad Air,landscape,1.657892439074167,10.895,0.009999999999999431,True,False
1018.0,18.93490140846,11.40620070423,291.0,iPad Mini,landscape,2.9064678494535685,8.93,-0.005000000000000426,True,False
1019.0,18.93490140846,11.40620070423,2058.0,iPad Mini,landscape,2.9064678494535685,8.93,-0.005000000000000426,True,False
1020.0,18.93490140846,11.40620070423,981.0,iPad Mini,landscape,2.9064678494535685,8.93,-0.005000000000000426,True,False
1021.0,21.168023988,13.949011994,2447.0,iPad Air,landscape,1.657892439074167,10.895,0.009999999999999431,True,False
1024.0,21.168023988,13.949011994,2037.0,iPad Air,landscape,1.657892439074167,10.895,0.009999999999999431,True,False
1025.0,40.17234375,40.17234375,850.0,iPad Pro,portrait,24.80972928079483,-0.0004999999999995453,-14.176499999999999,True,True
1031.0,21.168023988,13.949011994,235.0,iPad Air,landscape,1.657892439074167,10.895,0.009999999999999431,True,False
1032.0,15.684,10.714,300.0,iPad Mini,landscape,1.4816045356302048,8.93,-0.005000000000000426,True,False
1034.0,21.168023988,13.949011994,2637.0,iPad Air,landscape,1.657892439074167,10.895,0.009999999999999431,True,False
1035.0,18.93490140846,11.40620070423,1141.0,iPad Mini,landscape,2.9064678494535685,8.93,-0.005000000000000426,True,False
1036.0,18.93290140846,11.40520070423,645.0,iPad Mini,landscape,2.904780258963655,8.93,-0.005000000000000426,True,False
1038.0,31.4037422148,32.720625,127.0,iPad Pro,portrait,13.424423688332809,-0.0004999999999995453,-14.176499999999999,True,True
1039.0,21.78854166667,21.79854166667,278.0,iPad Pro,portrait,4.9021972373066465,-0.0004999999999995453,-14.176499999999999,True,True
1041.0,24.5802488756,16.04295110447,1425.0,iPad Pro,landscape,3.970225314660734,14.176499999999999,-0.0004999999999995453,True,False
1042.0,20.9525070422,13.7331285211,2652.0,iPad Air,landscape,1.633068090970757,10.895,0.009999999999999431,True,False
1044.0,11.40620070423,11.40620070423,1059.0,iPhone 6s Plus,portrait,4.630975951535324,1.064,-6.9430000000000005,False,True
1045.0,18.93490140846,11.40620070423,2393.0,iPad Mini,landscape,2.9064678494535685,8.93,-0.005000000000000426,True,False
1046.0,21.168023988,13.949011994,2945.0,iPad Air,landscape,1.657892439074167,10.895,0.009999999999999431,True,False
1050.0,24.7189130434,16.18097342991,2072.0,iPad Pro,landscape,3.7879890588861276,14.176499999999999,-0.0004999999999995453,True,False
1051.0,24.7169130434,16.17997342991,1913.0,iPad Pro,landscape,3.7896979445870875,14.176499999999999,-0.0004999999999995453,True,False
1052.0,32.720625,32.720625,433.0,iPad Pro,portrait,14.590303690507952,-0.0004999999999995453,-14.176499999999999,True,True
1054.0,21.168023988,13.949011994,2838.0,iPad Air,landscape,1.657892439074167,10.895,0.009999999999999431,True,False
1055.0,21.168023988,13.949011994,2685.0,iPad Air,landscape,1.657892439074167,10.895,0.009999999999999431,True,False
1056.0,18.93290140846,11.40520070423,835.0,iPad Mini,landscape,2.904780258963655,8.93,-0.005000000000000426,True,False
1057.0,19.1155474511,12.71610720642,395.0,iPad Air,landscape,2.291648331774394,10.895,0.009999999999999431,True,False
1058.0,21.168023988,13.949011994,2053.0,iPad Air,landscape,1.657892439074167,10.895,0.009999999999999431,True,False
1059.0,21.168023988,13.56198027607,222.0,iPad Air,landscape,1.9064432678706031,10.895,0.009999999999999431,True,False
1060.0,29.00546875,31.0202417771,245.0,iPad Pro,portrait,10.507589864289228,-0.0004999999999995453,-14.176499999999999,True,True
1062.0,18.93490140846,11.40620070423,1519.0,iPad Mini,landscape,2.9064678494535685,8.93,-0.005000000000000426,True,False
1063.0,18.93490140846,11.40620070423,1875.0,iPad Mini,landscape,2.9064678494535685,8.93,-0.005000000000000426,True,False
1064.0,20.871563638,10.27237057571,270.0,iPad Air,landscape,4.747828076718702,10.895,0.009999999999999431,True,False
1065.0,24.7189130434,16.18097342991,2043.0,iPad Pro,landscape,3.7879890588861276,14.176499999999999,-0.0004999999999995453,True,False
1069.0,4.602,9.157023988,571.0,iPhone 5s,portrait,0.580132451896482,0.0,-5.5845,False,True
1070.0,19.06522504141,12.96531042876,283.0,iPad Air,landscape,2.0730927321293544,10.895,0.009999999999999431,True,False
1073.0,21.170023988,13.94911866067,1586.0,iPad Air,landscape,1.659469966411397,10.895,0.009999999999999431,True,False
1075.0,15.684,10.714,248.0,iPad Mini,landscape,1.4816045356302048,8.93,-0.005000000000000426,True,False
1076.0,18.93490140846,11.40620070423,231.0,iPad Mini,landscape,2.9064678494535685,8.93,-0.005000000000000426,True,False
1077.0,21.168023988,13.949011994,2552.0,iPad Air,landscape,1.657892439074167,10.895,0.009999999999999431,True,False
1080.0,18.93490140846,11.40620070423,737.0,iPad Mini,landscape,2.9064678494535685,8.93,-0.005000000000000426,True,False
1081.0,15.684,10.714,401.0,iPad Mini,landscape,1.4816045356302048,8.93,-0.005000000000000426,True,False
1082.0,24.7169130434,16.17997342991,296.0,iPad Pro,landscape,3.7896979445870875,14.176499999999999,-0.0004999999999995453,True,False
1083.0,24.7169130434,16.17997342991,2173.0,iPad Pro,landscape,3.7896979445870875,14.176499999999999,-0.0004999999999995453,True,False
1084.0,18.93490140846,11.40620070423,1319.0,iPad Mini,landscape,2.9064678494535685,8.93,-0.005000000000000426,True,False
1085.0,40.509203125,40.509203125,2759.0,iPad Pro,portrait,25.27789185276374,-0.0004999999999995453,-14.176499999999999,True,True
1086.0,21.168023988,13.949011994,1556.0,iPad Air,landscape,1.657892439074167,10.895,0.009999999999999431,True,False
1088.0,21.79854166667,32.720625,337.0,iPad Pro,portrait,6.847790958942554,-0.0004999999999995453,-14.176499999999999,True,True
1089.0,40.509203125,40.509203125,241.0,iPad Pro,portrait,25.27789185276374,-0.0004999999999995453,-14.176499999999999,True,True
1090.0,40.509203125,40.509203125,1931.0,iPad Pro,portrait,25.27789185276374,-0.0004999999999995453,-14.176499999999999,True,True
1091.0,32.720625,32.720625,769.0,iPad Pro,portrait,14.590303690507952,-0.0004999999999995453,-14.176499999999999,True,True
1092.0,24.7169130434,16.17997342991,1883.0,iPad Pro,landscape,3.7896979445870875,14.176499999999999,-0.0004999999999995453,True,False
1093.0,18.93290140846,11.40520070423,934.0,iPad Mini,landscape,2.904780258963655,8.93,-0.005000000000000426,True,False
1095.0,21.168023988,13.949011994,1783.0,iPad Air,landscape,1.657892439074167,10.895,0.009999999999999431,True,False
1100.0,18.93490140846,11.40620070423,1474.0,iPad Mini,landscape,2.9064678494535685,8.93,-0.005000000000000426,True,False
1102.0,4.5537419312,7.673077410899999,105.0,iPhone 4s,portrait,0.4757349922948199,1.0,-4.7219999999999995,False,True
1103.0,18.93490140846,11.40620070423,2456.0,iPad Mini,landscape,2.9064678494535685,8.93,-0.005000000000000426,True,False
1104.0,32.720625,32.720625,1575.0,iPad Pro,portrait,14.590303690507952,-0.0004999999999995453,-14.176499999999999,True,True
1105.0,18.93290140846,11.40520070423,951.0,iPad Mini,landscape,2.904780258963655,8.93,-0.005000000000000426,True,False
1106.0,18.93490140846,10.78202149275,341.0,iPad Mini,landscape,3.1210120146128957,8.93,-0.005000000000000426,True,False
1107.0,18.93490140846,11.40620070423,2477.0,iPad Mini,landscape,2.9064678494535685,8.93,-0.005000000000000426,True,False
1110.0,18.93490140846,11.40620070423,1605.0,iPad Mini,landscape,2.9064678494535685,8.93,-0.005000000000000426,True,False
1118.0,18.93490140846,11.40620070423,2285.0,iPad Mini,landscape,2.9064678494535685,8.93,-0.005000000000000426,True,False
1119.0,18.93490140846,11.40620070423,2333.0,iPad Mini,landscape,2.9064678494535685,8.93,-0.005000000000000426,True,False
1120.0,21.168023988,13.949011994,1581.0,iPad Air,landscape,1.657892439074167,10.895,0.009999999999999431,True,False
1121.0,18.93490140846,11.40620070423,1456.0,iPad Mini,landscape,2.9064678494535685,8.93,-0.005000000000000426,True,False
1123.0,24.7169130434,16.17997342991,1573.0,iPad Pro,landscape,3.7896979445870875,14.176499999999999,-0.0004999999999995453,True,False
1127.0,21.168023988,13.949011994,1798.0,iPad Air,landscape,1.657892439074167,10.895,0.009999999999999431,True,False
1128.0,32.720625,32.720625,774.0,iPad Pro,portrait,14.590303690507952,-0.0004999999999995453,-14.176499999999999,True,True
1129.0,18.93490140846,11.40620070423,1463.0,iPad Mini,landscape,2.9064678494535685,8.93,-0.005000000000000426,True,False
1135.0,18.93490140846,11.40620070423,2522.0,iPad Mini,landscape,2.9064678494535685,8.93,-0.005000000000000426,True,False
1138.0,18.93490140846,11.40620070423,945.0,iPad Mini,landscape,2.9064678494535685,8.93,-0.005000000000000426,True,False
1139.0,21.168023988,13.949011994,2727.0,iPad Air,landscape,1.657892439074167,10.895,0.009999999999999431,True,False
1143.0,24.7169130434,16.17997342991,2155.0,iPad Pro,landscape,3.7896979445870875,14.176499999999999,-0.0004999999999995453,True,False
1145.0,15.684,10.714,279.0,iPad Mini,landscape,1.4816045356302048,8.93,-0.005000000000000426,True,False
1146.0,18.93290140846,11.40520070423,885.0,iPad Mini,landscape,2.904780258963655,8.93,-0.005000000000000426,True,False
1147.0,21.168023988,13.949011994,2710.0,iPad Air,landscape,1.657892439074167,10.895,0.009999999999999431,True,False
1148.0,18.93490140846,11.40620070423,1109.0,iPad Mini,landscape,2.9064678494535685,8.93,-0.005000000000000426,True,False
1149.0,21.168023988,13.949011994,1814.0,iPad Air,landscape,1.657892439074167,10.895,0.009999999999999431,True,False
1151.0,32.720625,32.720625,709.0,iPad Pro,portrait,14.590303690507952,-0.0004999999999995453,-14.176499999999999,True,True
1152.0,40.509203125,40.509203125,2553.0,iPad Pro,portrait,25.27789185276374,-0.0004999999999995453,-14.176499999999999,True,True
1155.0,24.7169130434,16.17997342991,1811.0,iPad Pro,landscape,3.7896979445870875,14.176499999999999,-0.0004999999999995453,True,False
1156.0,21.168023988,13.949011994,2068.0,iPad Air,landscape,1.657892439074167,10.895,0.009999999999999431,True,False
1157.0,21.168023988,13.949011994,1827.0,iPad Air,landscape,1.657892439074167,10.895,0.009999999999999431,True,False
1158.0,27.14002864583,36.2065709606,1426.0,iPad Pro,portrait,12.480679458501085,-0.0004999999999995453,-14.176499999999999,True,True
1161.0,18.93490140846,11.40620070423,1021.0,iPad Mini,landscape,2.9064678494535685,8.93,-0.005000000000000426,True,False
1162.0,11.40620070423,11.40620070423,1118.0,iPhone 6s Plus,portrait,4.630975951535324,1.064,-6.9430000000000005,False,True
1163.0,18.93290140846,11.40520070423,1002.0,iPad Mini,landscape,2.904780258963655,8.93,-0.005000000000000426,True,False
1164.0,18.93490140846,11.40620070423,1942.0,iPad Mini,landscape,2.9064678494535685,8.93,-0.005000000000000426,True,False
1165.0,24.7169130434,16.17997342991,1880.0,iPad Pro,landscape,3.7896979445870875,14.176499999999999,-0.0004999999999995453,True,False
1166.0,18.93490140846,11.40620070423,1830.0,iPad Mini,landscape,2.9064678494535685,8.93,-0.005000000000000426,True,False
1167.0,11.73275295,11.66536845205,152.0,iPad Mini,landscape,4.411781856924035,8.93,-0.005000000000000426,True,False
1168.0,4.3558736647,9.157023988,158.0,iPhone 5s,portrait,0.822636828480486,0.0,-5.5845,False,True
1169.0,18.712761814990003,9.46372535211,109.0,iPad Mini,landscape,3.7190636358163065,8.93,-0.005000000000000426,True,False
1170.0,18.93490140846,11.40620070423,2194.0,iPad Mini,landscape,2.9064678494535685,8.93,-0.005000000000000426,True,False
1171.0,21.168023988,13.949011994,2837.0,iPad Air,landscape,1.657892439074167,10.895,0.009999999999999431,True,False
1172.0,21.168023988,13.949011994,2223.0,iPad Air,landscape,1.657892439074167,10.895,0.009999999999999431,True,False
1173.0,32.720625,32.720625,705.0,iPad Pro,portrait,14.590303690507952,-0.0004999999999995453,-14.176499999999999,True,True
1174.0,18.93490140846,11.40620070423,1558.0,iPad Mini,landscape,2.9064678494535685,8.93,-0.005000000000000426,True,False
1175.0,18.93490140846,11.40620070423,2191.0,iPad Mini,landscape,2.9064678494535685,8.93,-0.005000000000000426,True,False
1177.0,24.7169130434,14.38329539151,228.0,iPad Air 2,landscape,4.5152663420483465,10.892500000000002,-0.0004999999999995453,True,False
1178.0,5.51503381642,10.83291304344,479.0,iPhone 6s,portrait,0.5428102656739959,1.0635000000000001,-6.0065,False,True
1180.0,21.170023988,13.94911866067,2135.0,iPad Air,landscape,1.659469966411397,10.895,0.009999999999999431,True,False
1181.0,18.93290140846,11.40520070423,904.0,iPad Mini,landscape,2.904780258963655,8.93,-0.005000000000000426,True,False
1182.0,24.7169130434,16.17997342991,2167.0,iPad Pro,landscape,3.7896979445870875,14.176499999999999,-0.0004999999999995453,True,False
1183.0,40.509203125,40.509203125,2911.0,iPad Pro,portrait,25.27789185276374,-0.0004999999999995453,-14.176499999999999,True,True
1184.0,24.7169130434,16.17997342991,2045.0,iPad Pro,landscape,3.7896979445870875,14.176499999999999,-0.0004999999999995453,True,False
1186.0,18.28675260256,11.49812676056,295.0,iPad Mini,landscape,2.257007007392964,8.93,-0.005000000000000426,True,False
1188.0,12.87015218462,10.966967583329,826.0,iPad Mini,landscape,3.4516887497799864,8.93,-0.005000000000000426,True,False
1191.0,21.168023988,13.949011994,2839.0,iPad Air,landscape,1.657892439074167,10.895,0.009999999999999431,True,False
1195.0,18.93290140846,11.40520070423,983.0,iPad Mini,landscape,2.904780258963655,8.93,-0.005000000000000426,True,False
1199.0,15.684,10.714,392.0,iPad Mini,landscape,1.4816045356302048,8.93,-0.005000000000000426,True,False
1200.0,40.17234375,40.17234375,691.0,iPad Pro,portrait,24.80972928079483,-0.0004999999999995453,-14.176499999999999,True,True
1201.0,18.93490140846,11.40620070423,989.0,iPad Mini,landscape,2.9064678494535685,8.93,-0.005000000000000426,True,False
1204.0,18.93490140846,11.40620070423,1530.0,iPad Mini,landscape,2.9064678494535685,8.93,-0.005000000000000426,True,False
1207.0,23.181948673500003,13.47174516908,263.0,iPad Air 2,landscape,3.4423124783558485,10.892500000000002,-0.0004999999999995453,True,False
1208.0,24.5802488756,16.04295110447,2241.0,iPad Pro,landscape,3.970225314660734,14.176499999999999,-0.0004999999999995453,True,False
1209.0,24.7169130434,16.17997342991,2070.0,iPad Pro,landscape,3.7896979445870875,14.176499999999999,-0.0004999999999995453,True,False
1211.0,18.93490140846,11.40620070423,633.0,iPad Mini,landscape,2.9064678494535685,8.93,-0.005000000000000426,True,False
1212.0,18.93490140846,11.40620070423,513.0,iPad Mini,landscape,2.9064678494535685,8.93,-0.005000000000000426,True,False
1213.0,18.93290140846,11.40520070423,141.0,iPad Mini,landscape,2.904780258963655,8.93,-0.005000000000000426,True,False
1219.0,24.7169130434,16.17997342991,2278.0,iPad Pro,landscape,3.7896979445870875,14.176499999999999,-0.0004999999999995453,True,False
1220.0,21.170023988,13.94911866067,2061.0,iPad Air,landscape,1.659469966411397,10.895,0.009999999999999431,True,False
1221.0,40.17234375,40.17234375,470.0,iPad Pro,portrait,24.80972928079483,-0.0004999999999995453,-14.176499999999999,True,True
1222.0,15.684,10.714,402.0,iPad Mini,landscape,1.4816045356302048,8.93,-0.005000000000000426,True,False
1231.0,21.168023988,13.949011994,2657.0,iPad Air,landscape,1.657892439074167,10.895,0.009999999999999431,True,False
1232.0,29.4720741439,31.2453241573,288.0,iPad Pro,portrait,11.025485793588373,-0.0004999999999995453,-14.176499999999999,True,True
1233.0,32.720625,32.720625,2124.0,iPad Pro,portrait,14.590303690507952,-0.0004999999999995453,-14.176499999999999,True,True
1237.0,18.93490140846,11.40620070423,980.0,iPad Mini,landscape,2.9064678494535685,8.93,-0.005000000000000426,True,False
1243.0,32.720625,32.720625,921.0,iPad Pro,portrait,14.590303690507952,-0.0004999999999995453,-14.176499999999999,True,True
1244.0,21.168023988,13.949011994,1369.0,iPad Air,landscape,1.657892439074167,10.895,0.009999999999999431,True,False
1247.0,18.93490140846,11.40620070423,936.0,iPad Mini,landscape,2.9064678494535685,8.93,-0.005000000000000426,True,False
1248.0,18.93290140846,11.40520070423,1033.0,iPad Mini,landscape,2.904780258963655,8.93,-0.005000000000000426,True,False
1250.0,18.93490140846,11.40620070423,2206.0,iPad Mini,landscape,2.9064678494535685,8.93,-0.005000000000000426,True,False
1252.0,18.93490140846,11.40620070423,934.0,iPad Mini,landscape,2.9064678494535685,8.93,-0.005000000000000426,True,False
1254.0,18.93290140846,11.40520070423,1009.0,iPad Mini,landscape,2.904780258963655,8.93,-0.005000000000000426,True,False
1255.0,18.93490140846,11.40620070423,877.0,iPad Mini,landscape,2.9064678494535685,8.93,-0.005000000000000426,True,False
1256.0,21.168023988,13.949011994,2084.0,iPad Air,landscape,1.657892439074167,10.895,0.009999999999999431,True,False
1259.0,18.93490140846,11.40620070423,838.0,iPad Mini,landscape,2.9064678494535685,8.93,-0.005000000000000426,True,False
1260.0,18.14052484508,11.40520070423,112.0,iPad Mini,landscape,2.14659140702982,8.93,-0.005000000000000426,True,False
1262.0,18.93290140846,11.40520070423,890.0,iPad Mini,landscape,2.904780258963655,8.93,-0.005000000000000426,True,False
1266.0,40.509203125,40.509203125,2513.0,iPad Pro,portrait,25.27789185276374,-0.0004999999999995453,-14.176499999999999,True,True
1269.0,40.509203125,40.509203125,2933.0,iPad Pro,portrait,25.27789185276374,-0.0004999999999995453,-14.176499999999999,True,True
1270.0,24.7169130434,16.075399747109998,283.0,iPad Pro,landscape,3.8859739709704555,14.176499999999999,-0.0004999999999995453,True,False
1273.0,24.7169130434,16.17997342991,1670.0,iPad Pro,landscape,3.7896979445870875,14.176499999999999,-0.0004999999999995453,True,False
1274.0,15.684,10.714,295.0,iPad Mini,landscape,1.4816045356302048,8.93,-0.005000000000000426,True,False
1278.0,18.93490140846,11.40620070423,995.0,iPad Mini,landscape,2.9064678494535685,8.93,-0.005000000000000426,True,False
1279.0,18.93490140846,11.40620070423,2202.0,iPad Mini,landscape,2.9064678494535685,8.93,-0.005000000000000426,True,False
1281.0,13.949011994,11.821011994,1095.0,iPad Mini,landscape,2.192866277283616,8.93,-0.005000000000000426,True,False
1283.0,40.509203125,40.509203125,2481.0,iPad Pro,portrait,25.27789185276374,-0.0004999999999995453,-14.176499999999999,True,True
1285.0,21.168023988,13.949011994,1950.0,iPad Air,landscape,1.657892439074167,10.895,0.009999999999999431,True,False
1286.0,18.93490140846,11.40620070423,2100.0,iPad Mini,landscape,2.9064678494535685,8.93,-0.005000000000000426,True,False
1293.0,19.93801467633,11.71891593075,282.0,iPad Air,landscape,3.183658840546834,10.895,0.009999999999999431,True,False
1295.0,32.720625,32.720625,1822.0,iPad Pro,portrait,14.590303690507952,-0.0004999999999995453,-14.176499999999999,True,True
1297.0,18.93490140846,11.40620070423,686.0,iPad Mini,landscape,2.9064678494535685,8.93,-0.005000000000000426,True,False
1298.0,21.168023988,13.949011994,1583.0,iPad Air,landscape,1.657892439074167,10.895,0.009999999999999431,True,False
1300.0,21.168023988,13.949011994,2079.0,iPad Air,landscape,1.657892439074167,10.895,0.009999999999999431,True,False
1301.0,20.9505070422,13.7330035211,2255.0,iPad Air,landscape,1.6317588961218494,10.895,0.009999999999999431,True,False
1303.0,18.93490140846,11.40620070423,2302.0,iPad Mini,landscape,2.9064678494535685,8.93,-0.005000000000000426,True,False
1304.0,24.5802488756,15.61392655997,269.0,iPad Air 2,landscape,4.27615473005254,10.892500000000002,-0.0004999999999995453,True,False
1315.0,18.93490140846,11.40620070423,1117.0,iPad Mini,landscape,2.9064678494535685,8.93,-0.005000000000000426,True,False
1316.0,18.4610592663,13.49186128896,347.0,iPad Air,landscape,1.9499989057854579,10.895,0.009999999999999431,True,False
1319.0,21.168023988,13.949011994,2164.0,iPad Air,landscape,1.657892439074167,10.895,0.009999999999999431,True,False
1320.0,24.7169130434,16.17997342991,277.0,iPad Pro,landscape,3.7896979445870875,14.176499999999999,-0.0004999999999995453,True,False
1323.0,21.170023988,13.94911866067,2057.0,iPad Air,landscape,1.659469966411397,10.895,0.009999999999999431,True,False
1326.0,21.168023988,13.949011994,2571.0,iPad Air,landscape,1.657892439074167,10.895,0.009999999999999431,True,False
1327.0,21.168023988,13.949011994,2991.0,iPad Air,landscape,1.657892439074167,10.895,0.009999999999999431,True,False
1328.0,21.168023988,13.949011994,1913.0,iPad Air,landscape,1.657892439074167,10.895,0.009999999999999431,True,False
1329.0,18.93490140846,11.40620070423,2021.0,iPad Mini,landscape,2.9064678494535685,8.93,-0.005000000000000426,True,False
1330.0,21.168023988,13.949011994,2078.0,iPad Air,landscape,1.657892439074167,10.895,0.009999999999999431,True,False
1331.0,18.93490140846,11.40620070423,1557.0,iPad Mini,landscape,2.9064678494535685,8.93,-0.005000000000000426,True,False
1333.0,18.93290140846,11.40520070423,822.0,iPad Mini,landscape,2.904780258963655,8.93,-0.005000000000000426,True,False
1340.0,18.93490140846,11.40620070423,1013.0,iPad Mini,landscape,2.9064678494535685,8.93,-0.005000000000000426,True,False
1347.0,24.7189130434,16.18097342991,2077.0,iPad Pro,landscape,3.7879890588861276,14.176499999999999,-0.0004999999999995453,True,False
1348.0,18.93490140846,11.40620070423,1863.0,iPad Mini,landscape,2.9064678494535685,8.93,-0.005000000000000426,True,False
1349.0,18.93490140846,11.40620070423,1601.0,iPad Mini,landscape,2.9064678494535685,8.93,-0.005000000000000426,True,False
1351.0,18.93490140846,11.40620070423,1129.0,iPad Mini,landscape,2.9064678494535685,8.93,-0.005000000000000426,True,False
1352.0,32.720625,32.720625,1922.0,iPad Pro,portrait,14.590303690507952,-0.0004999999999995453,-14.176499999999999,True,True
1353.0,24.7169130434,16.17997342991,2303.0,iPad Pro,landscape,3.7896979445870875,14.176499999999999,-0.0004999999999995453,True,False
1354.0,16.17997342991,14.05197342991,1225.0,iPad Mini,landscape,1.9229089103686583,8.93,-0.005000000000000426,True,False
1356.0,18.93490140846,11.40620070423,1242.0,iPad Mini,landscape,2.9064678494535685,8.93,-0.005000000000000426,True,False
1357.0,24.7169130434,16.17997342991,1791.0,iPad Pro,landscape,3.7896979445870875,14.176499999999999,-0.0004999999999995453,True,False
1358.0,18.93290140846,11.40520070423,1021.0,iPad Mini,landscape,2.904780258963655,8.93,-0.005000000000000426,True,False
1360.0,18.93490140846,11.40620070423,1436.0,iPad Mini,landscape,2.9064678494535685,8.93,-0.005000000000000426,True,False
1361.0,17.5849135884,12.43874444976,289.0,iPad Mini,landscape,1.4970955068854408,8.93,-0.005000000000000426,True,False
1362.0,21.168023988,13.949011994,1408.0,iPad Air,landscape,1.657892439074167,10.895,0.009999999999999431,True,False
1368.0,18.93490140846,11.40620070423,2162.0,iPad Mini,landscape,2.9064678494535685,8.93,-0.005000000000000426,True,False
1370.0,24.7169130434,16.17997342991,1799.0,iPad Pro,landscape,3.7896979445870875,14.176499999999999,-0.0004999999999995453,True,False
1373.0,32.720625,32.720625,2046.0,iPad Pro,portrait,14.590303690507952,-0.0004999999999995453,-14.176499999999999,True,True
1375.0,18.93490140846,11.40620070423,1873.0,iPad Mini,landscape,2.9064678494535685,8.93,-0.005000000000000426,True,False
1376.0,21.170023988,13.94911866067,2285.0,iPad Air,landscape,1.659469966411397,10.895,0.009999999999999431,True,False
1377.0,24.5822488756,16.04395110447,2288.0,iPad Pro,landscape,3.9684907643692773,14.176499999999999,-0.0004999999999995453,True,False
1379.0,21.170023988,13.94911866067,2579.0,iPad Air,landscape,1.659469966411397,10.895,0.009999999999999431,True,False
1380.0,21.168023988,13.949011994,1977.0,iPad Air,landscape,1.657892439074167,10.895,0.009999999999999431,True,False
1382.0,13.949011994,11.821011994,1302.0,iPad Mini,landscape,2.192866277283616,8.93,-0.005000000000000426,True,False
1383.0,40.17234375,40.17234375,460.0,iPad Pro,portrait,24.80972928079483,-0.0004999999999995453,-14.176499999999999,True,True
1384.0,40.509203125,40.509203125,3529.0,iPad Pro,portrait,25.27789185276374,-0.0004999999999995453,-14.176499999999999,True,True
1386.0,18.93290140846,11.40520070423,1240.0,iPad Mini,landscape,2.904780258963655,8.93,-0.005000000000000426,True,False
1387.0,18.93490140846,11.40620070423,2001.0,iPad Mini,landscape,2.9064678494535685,8.93,-0.005000000000000426,True,False
1388.0,21.168023988,13.949011994,2851.0,iPad Air,landscape,1.657892439074167,10.895,0.009999999999999431,True,False
1389.0,18.93490140846,11.40620070423,727.0,iPad Mini,landscape,2.9064678494535685,8.93,-0.005000000000000426,True,False
1390.0,40.509203125,40.509203125,2824.0,iPad Pro,portrait,25.27789185276374,-0.0004999999999995453,-14.176499999999999,True,True
1391.0,18.93490140846,11.40620070423,2128.0,iPad Mini,landscape,2.9064678494535685,8.93,-0.005000000000000426,True,False
1396.0,18.93490140846,11.40620070423,809.0,iPad Mini,landscape,2.9064678494535685,8.93,-0.005000000000000426,True,False
1400.0,18.93490140846,11.40620070423,982.0,iPad Mini,landscape,2.9064678494535685,8.93,-0.005000000000000426,True,False
1404.0,18.93490140846,11.40620070423,1661.0,iPad Mini,landscape,2.9064678494535685,8.93,-0.005000000000000426,True,False
1405.0,18.93490140846,10.00446359491,209.0,iPad Mini,landscape,3.5272616785139466,8.93,-0.005000000000000426,True,False
1406.0,3.8775,7.765901408459999,431.0,iPhone 4s,portrait,1.1486250227224075,1.0,-4.7219999999999995,False,True
1414.0,18.27687679924,10.80052267207,269.0,iPad Mini,landscape,2.533698382321717,8.93,-0.005000000000000426,True,False
1415.0,18.93490140846,11.40620070423,1956.0,iPad Mini,landscape,2.9064678494535685,8.93,-0.005000000000000426,True,False
1420.0,18.93490140846,11.40620070423,1116.0,iPad Mini,landscape,2.9064678494535685,8.93,-0.005000000000000426,True,False
1421.0,17.44541301409,11.24489419111,152.0,iPad Mini,landscape,1.5937791411767088,8.93,-0.005000000000000426,True,False
1423.0,18.93290140846,11.40520070423,1057.0,iPad Mini,landscape,2.904780258963655,8.93,-0.005000000000000426,True,False
1424.0,14.72441505678,11.40620070423,252.0,iPad Mini,landscape,1.572114103460531,8.93,-0.005000000000000426,True,False
1425.0,18.93490140846,11.40620070423,1386.0,iPad Mini,landscape,2.9064678494535685,8.93,-0.005000000000000426,True,False
1428.0,18.93290140846,11.40520070423,1140.0,iPad Mini,landscape,2.904780258963655,8.93,-0.005000000000000426,True,False
1430.0,21.168023988,13.949011994,2028.0,iPad Air,landscape,1.657892439074167,10.895,0.009999999999999431,True,False
1431.0,3.8775,7.76590140846,306.0,iPhone 4s,portrait,1.148625022722408,1.0,-4.7219999999999995,False,True
1434.0,21.168023988,13.949011994,1273.0,iPad Air,landscape,1.657892439074167,10.895,0.009999999999999431,True,False
1435.0,18.93490140846,11.40620070423,1999.0,iPad Mini,landscape,2.9064678494535685,8.93,-0.005000000000000426,True,False
1438.0,24.5802488756,16.04295110447,2228.0,iPad Pro,landscape,3.970225314660734,14.176499999999999,-0.0004999999999995453,True,False
1440.0,15.684,10.714,246.0,iPad Mini,landscape,1.4816045356302048,8.93,-0.005000000000000426,True,False
1445.0,16.572508513909998,11.09316090233,355.0,iPad Mini,landscape,1.131282135286408,8.93,-0.005000000000000426,True,False
1446.0,4.602,9.157023988,630.0,iPhone 5s,portrait,0.580132451896482,0.0,-5.5845,False,True
1448.0,20.9505070422,13.7330035211,2325.0,iPad Air,landscape,1.6317588961218494,10.895,0.009999999999999431,True,False
1451.0,21.168023988,13.949011994,2638.0,iPad Air,landscape,1.657892439074167,10.895,0.009999999999999431,True,False
1454.0,18.93490140846,11.40620070423,1374.0,iPad Mini,landscape,2.9064678494535685,8.93,-0.005000000000000426,True,False
1456.0,18.93490140846,11.40620070423,2387.0,iPad Mini,landscape,2.9064678494535685,8.93,-0.005000000000000426,True,False
